Date,ID,Name,Stock
01/01/2020,1,Shifter,20
02/01/2020,1,Shifter,18
03/01/2020,1,Shifter,17
04/01/2020,1,Shifter,20
05/01/2020,1,Shifter,21
06/01/2020,1,Shifter,13
07/01/2020,1,Shifter,16
08/01/2020,1,Shifter,12
09/01/2020,1,Shifter,12
10/01/2020,1,Shifter,13
11/01/2020,1,Shifter,12
12/01/2020,1,Shifter,12
13/01/2020,1,Shifter,12
14/01/2020,1,Shifter,6
15/01/2020,1,Shifter,5
16/01/2020,1,Shifter,3
17/01/2020,1,Shifter,7
18/01/2020,1,Shifter,2
19/01/2020,1,Shifter,6
20/01/2020,1,Shifter,6
21/01/2020,1,Shifter,6
22/01/2020,1,Shifter,7
23/01/2020,1,Shifter,6
24/01/2020,1,Shifter,1
25/01/2020,1,Shifter,0
26/01/2020,1,Shifter,4
27/01/2020,1,Shifter,3
28/01/2020,1,Shifter,2
29/01/2020,1,Shifter,0
30/01/2020,1,Shifter,0
31/01/2020,1,Shifter,0
01/02/2020,1,Shifter,4
02/02/2020,1,Shifter,7
03/02/2020,1,Shifter,11
04/02/2020,1,Shifter,11
05/02/2020,1,Shifter,15
06/02/2020,1,Shifter,7
07/02/2020,1,Shifter,8
08/02/2020,1,Shifter,0
09/02/2020,1,Shifter,0
10/02/2020,1,Shifter,1
11/02/2020,1,Shifter,0
12/02/2020,1,Shifter,0
13/02/2020,1,Shifter,0
14/02/2020,1,Shifter,0
15/02/2020,1,Shifter,0
16/02/2020,1,Shifter,3
17/02/2020,1,Shifter,1
18/02/2020,1,Shifter,5
19/02/2020,1,Shifter,6
20/02/2020,1,Shifter,0
21/02/2020,1,Shifter,1
22/02/2020,1,Shifter,0
23/02/2020,1,Shifter,0
24/02/2020,1,Shifter,1
25/02/2020,1,Shifter,0
26/02/2020,1,Shifter,0
27/02/2020,1,Shifter,0
28/02/2020,1,Shifter,3
29/02/2020,1,Shifter,1
01/03/2020,1,Shifter,1
02/03/2020,1,Shifter,0
03/03/2020,1,Shifter,0
04/03/2020,1,Shifter,0
05/03/2020,1,Shifter,0
06/03/2020,1,Shifter,2
07/03/2020,1,Shifter,0
08/03/2020,1,Shifter,4
09/03/2020,1,Shifter,3
10/03/2020,1,Shifter,4
11/03/2020,1,Shifter,0
12/03/2020,1,Shifter,0
13/03/2020,1,Shifter,4
14/03/2020,1,Shifter,8
15/03/2020,1,Shifter,11
16/03/2020,1,Shifter,3
17/03/2020,1,Shifter,7
18/03/2020,1,Shifter,5
19/03/2020,1,Shifter,0
20/03/2020,1,Shifter,0
21/03/2020,1,Shifter,0
22/03/2020,1,Shifter,0
23/03/2020,1,Shifter,0
24/03/2020,1,Shifter,0
25/03/2020,1,Shifter,0
26/03/2020,1,Shifter,0
27/03/2020,1,Shifter,0
28/03/2020,1,Shifter,0
29/03/2020,1,Shifter,0
30/03/2020,1,Shifter,0
31/03/2020,1,Shifter,3
01/04/2020,1,Shifter,1
02/04/2020,1,Shifter,2
03/04/2020,1,Shifter,5
04/04/2020,1,Shifter,1
05/04/2020,1,Shifter,0
06/04/2020,1,Shifter,0
07/04/2020,1,Shifter,0
08/04/2020,1,Shifter,1
09/04/2020,1,Shifter,1
10/04/2020,1,Shifter,2
11/04/2020,1,Shifter,1
12/04/2020,1,Shifter,0
13/04/2020,1,Shifter,0
14/04/2020,1,Shifter,0
15/04/2020,1,Shifter,0
16/04/2020,1,Shifter,0
17/04/2020,1,Shifter,0
18/04/2020,1,Shifter,0
19/04/2020,1,Shifter,3
20/04/2020,1,Shifter,0
21/04/2020,1,Shifter,0
22/04/2020,1,Shifter,0
23/04/2020,1,Shifter,0
24/04/2020,1,Shifter,0
25/04/2020,1,Shifter,0
26/04/2020,1,Shifter,3
27/04/2020,1,Shifter,1
28/04/2020,1,Shifter,0
29/04/2020,1,Shifter,0
30/04/2020,1,Shifter,4
01/05/2020,1,Shifter,4
02/05/2020,1,Shifter,5
03/05/2020,1,Shifter,6
04/05/2020,1,Shifter,4
05/05/2020,1,Shifter,2
06/05/2020,1,Shifter,0
07/05/2020,1,Shifter,0
08/05/2020,1,Shifter,0
09/05/2020,1,Shifter,1
10/05/2020,1,Shifter,0
11/05/2020,1,Shifter,0
12/05/2020,1,Shifter,1
13/05/2020,1,Shifter,0
14/05/2020,1,Shifter,0
15/05/2020,1,Shifter,0
16/05/2020,1,Shifter,1
17/05/2020,1,Shifter,0
18/05/2020,1,Shifter,0
19/05/2020,1,Shifter,0
20/05/2020,1,Shifter,1
21/05/2020,1,Shifter,1
22/05/2020,1,Shifter,0
23/05/2020,1,Shifter,4
24/05/2020,1,Shifter,2
25/05/2020,1,Shifter,0
26/05/2020,1,Shifter,0
27/05/2020,1,Shifter,0
28/05/2020,1,Shifter,0
29/05/2020,1,Shifter,0
30/05/2020,1,Shifter,0
31/05/2020,1,Shifter,0
01/06/2020,1,Shifter,0
02/06/2020,1,Shifter,0
03/06/2020,1,Shifter,0
04/06/2020,1,Shifter,3
05/06/2020,1,Shifter,1
06/06/2020,1,Shifter,0
07/06/2020,1,Shifter,0
08/06/2020,1,Shifter,3
09/06/2020,1,Shifter,4
10/06/2020,1,Shifter,4
11/06/2020,1,Shifter,5
12/06/2020,1,Shifter,6
13/06/2020,1,Shifter,0
14/06/2020,1,Shifter,0
15/06/2020,1,Shifter,0
16/06/2020,1,Shifter,1
17/06/2020,1,Shifter,0
18/06/2020,1,Shifter,0
19/06/2020,1,Shifter,0
20/06/2020,1,Shifter,0
21/06/2020,1,Shifter,0
22/06/2020,1,Shifter,0
23/06/2020,1,Shifter,0
24/06/2020,1,Shifter,0
25/06/2020,1,Shifter,1
26/06/2020,1,Shifter,0
27/06/2020,1,Shifter,0
28/06/2020,1,Shifter,0
29/06/2020,1,Shifter,0
30/06/2020,1,Shifter,1
01/07/2020,1,Shifter,0
02/07/2020,1,Shifter,0
03/07/2020,1,Shifter,0
04/07/2020,1,Shifter,0
05/07/2020,1,Shifter,3
06/07/2020,1,Shifter,0
07/07/2020,1,Shifter,0
08/07/2020,1,Shifter,0
09/07/2020,1,Shifter,0
10/07/2020,1,Shifter,0
11/07/2020,1,Shifter,0
12/07/2020,1,Shifter,0
13/07/2020,1,Shifter,4
14/07/2020,1,Shifter,2
15/07/2020,1,Shifter,2
16/07/2020,1,Shifter,3
17/07/2020,1,Shifter,1
18/07/2020,1,Shifter,0
19/07/2020,1,Shifter,0
20/07/2020,1,Shifter,0
21/07/2020,1,Shifter,0
22/07/2020,1,Shifter,0
23/07/2020,1,Shifter,0
24/07/2020,1,Shifter,0
25/07/2020,1,Shifter,1
26/07/2020,1,Shifter,0
27/07/2020,1,Shifter,0
28/07/2020,1,Shifter,0
29/07/2020,1,Shifter,0
30/07/2020,1,Shifter,1
31/07/2020,1,Shifter,0
01/08/2020,1,Shifter,0
02/08/2020,1,Shifter,2
03/08/2020,1,Shifter,0
04/08/2020,1,Shifter,0
05/08/2020,1,Shifter,0
06/08/2020,1,Shifter,0
07/08/2020,1,Shifter,0
08/08/2020,1,Shifter,0
09/08/2020,1,Shifter,3
10/08/2020,1,Shifter,2
11/08/2020,1,Shifter,0
12/08/2020,1,Shifter,0
13/08/2020,1,Shifter,4
14/08/2020,1,Shifter,2
15/08/2020,1,Shifter,4
16/08/2020,1,Shifter,2
17/08/2020,1,Shifter,1
18/08/2020,1,Shifter,3
19/08/2020,1,Shifter,0
20/08/2020,1,Shifter,4
21/08/2020,1,Shifter,0
22/08/2020,1,Shifter,0
23/08/2020,1,Shifter,3
24/08/2020,1,Shifter,4
25/08/2020,1,Shifter,2
26/08/2020,1,Shifter,1
27/08/2020,1,Shifter,0
28/08/2020,1,Shifter,3
29/08/2020,1,Shifter,4
30/08/2020,1,Shifter,0
31/08/2020,1,Shifter,0
01/09/2020,1,Shifter,0
02/09/2020,1,Shifter,0
03/09/2020,1,Shifter,0
04/09/2020,1,Shifter,0
05/09/2020,1,Shifter,1
06/09/2020,1,Shifter,2
07/09/2020,1,Shifter,1
08/09/2020,1,Shifter,4
09/09/2020,1,Shifter,0
10/09/2020,1,Shifter,2
11/09/2020,1,Shifter,0
12/09/2020,1,Shifter,0
13/09/2020,1,Shifter,2
14/09/2020,1,Shifter,0
15/09/2020,1,Shifter,0
16/09/2020,1,Shifter,0
17/09/2020,1,Shifter,2
18/09/2020,1,Shifter,0
19/09/2020,1,Shifter,1
20/09/2020,1,Shifter,1
21/09/2020,1,Shifter,0
22/09/2020,1,Shifter,0
23/09/2020,1,Shifter,1
24/09/2020,1,Shifter,3
25/09/2020,1,Shifter,0
26/09/2020,1,Shifter,2
27/09/2020,1,Shifter,0
28/09/2020,1,Shifter,0
29/09/2020,1,Shifter,0
30/09/2020,1,Shifter,0
01/10/2020,1,Shifter,0
02/10/2020,1,Shifter,0
03/10/2020,1,Shifter,0
04/10/2020,1,Shifter,0
05/10/2020,1,Shifter,0
06/10/2020,1,Shifter,3
01/01/2020,7,Crankset,54
02/01/2020,7,Crankset,57
03/01/2020,7,Crankset,58
04/01/2020,7,Crankset,61
05/01/2020,7,Crankset,59
06/01/2020,7,Crankset,57
07/01/2020,7,Crankset,55
08/01/2020,7,Crankset,58
09/01/2020,7,Crankset,50
10/01/2020,7,Crankset,53
11/01/2020,7,Crankset,56
12/01/2020,7,Crankset,54
13/01/2020,7,Crankset,57
14/01/2020,7,Crankset,57
15/01/2020,7,Crankset,57
16/01/2020,7,Crankset,57
17/01/2020,7,Crankset,55
18/01/2020,7,Crankset,50
19/01/2020,7,Crankset,48
20/01/2020,7,Crankset,49
21/01/2020,7,Crankset,53
22/01/2020,7,Crankset,54
23/01/2020,7,Crankset,55
24/01/2020,7,Crankset,55
25/01/2020,7,Crankset,59
26/01/2020,7,Crankset,57
27/01/2020,7,Crankset,53
28/01/2020,7,Crankset,56
29/01/2020,7,Crankset,56
30/01/2020,7,Crankset,60
31/01/2020,7,Crankset,58
01/02/2020,7,Crankset,59
02/02/2020,7,Crankset,60
03/02/2020,7,Crankset,64
04/02/2020,7,Crankset,63
05/02/2020,7,Crankset,61
06/02/2020,7,Crankset,57
07/02/2020,7,Crankset,49
08/02/2020,7,Crankset,52
09/02/2020,7,Crankset,55
10/02/2020,7,Crankset,47
11/02/2020,7,Crankset,41
12/02/2020,7,Crankset,41
13/02/2020,7,Crankset,43
14/02/2020,7,Crankset,35
15/02/2020,7,Crankset,33
16/02/2020,7,Crankset,29
17/02/2020,7,Crankset,24
18/02/2020,7,Crankset,25
19/02/2020,7,Crankset,19
20/02/2020,7,Crankset,11
21/02/2020,7,Crankset,14
22/02/2020,7,Crankset,6
23/02/2020,7,Crankset,7
24/02/2020,7,Crankset,0
25/02/2020,7,Crankset,0
26/02/2020,7,Crankset,0
27/02/2020,7,Crankset,0
28/02/2020,7,Crankset,0
29/02/2020,7,Crankset,0
01/03/2020,7,Crankset,0
02/03/2020,7,Crankset,4
03/03/2020,7,Crankset,2
04/03/2020,7,Crankset,0
05/03/2020,7,Crankset,3
06/03/2020,7,Crankset,1
07/03/2020,7,Crankset,0
08/03/2020,7,Crankset,1
09/03/2020,7,Crankset,1
10/03/2020,7,Crankset,5
11/03/2020,7,Crankset,6
12/03/2020,7,Crankset,0
13/03/2020,7,Crankset,0
14/03/2020,7,Crankset,4
15/03/2020,7,Crankset,4
16/03/2020,7,Crankset,6
17/03/2020,7,Crankset,10
18/03/2020,7,Crankset,8
19/03/2020,7,Crankset,2
20/03/2020,7,Crankset,0
21/03/2020,7,Crankset,1
22/03/2020,7,Crankset,0
23/03/2020,7,Crankset,0
24/03/2020,7,Crankset,0
25/03/2020,7,Crankset,1
26/03/2020,7,Crankset,2
27/03/2020,7,Crankset,0
28/03/2020,7,Crankset,0
29/03/2020,7,Crankset,1
30/03/2020,7,Crankset,0
31/03/2020,7,Crankset,0
01/04/2020,7,Crankset,0
02/04/2020,7,Crankset,0
03/04/2020,7,Crankset,1
04/04/2020,7,Crankset,2
05/04/2020,7,Crankset,0
06/04/2020,7,Crankset,4
07/04/2020,7,Crankset,0
08/04/2020,7,Crankset,0
09/04/2020,7,Crankset,0
10/04/2020,7,Crankset,0
11/04/2020,7,Crankset,2
12/04/2020,7,Crankset,1
13/04/2020,7,Crankset,0
14/04/2020,7,Crankset,3
15/04/2020,7,Crankset,4
16/04/2020,7,Crankset,0
17/04/2020,7,Crankset,0
18/04/2020,7,Crankset,0
19/04/2020,7,Crankset,0
20/04/2020,7,Crankset,0
21/04/2020,7,Crankset,1
22/04/2020,7,Crankset,4
23/04/2020,7,Crankset,2
24/04/2020,7,Crankset,0
25/04/2020,7,Crankset,2
26/04/2020,7,Crankset,2
27/04/2020,7,Crankset,4
28/04/2020,7,Crankset,7
29/04/2020,7,Crankset,5
30/04/2020,7,Crankset,6
01/05/2020,7,Crankset,4
02/05/2020,7,Crankset,4
03/05/2020,7,Crankset,0
04/05/2020,7,Crankset,0
05/05/2020,7,Crankset,0
06/05/2020,7,Crankset,0
07/05/2020,7,Crankset,1
08/05/2020,7,Crankset,0
09/05/2020,7,Crankset,0
10/05/2020,7,Crankset,0
11/05/2020,7,Crankset,0
12/05/2020,7,Crankset,0
13/05/2020,7,Crankset,0
14/05/2020,7,Crankset,0
15/05/2020,7,Crankset,0
16/05/2020,7,Crankset,0
17/05/2020,7,Crankset,0
18/05/2020,7,Crankset,0
19/05/2020,7,Crankset,0
20/05/2020,7,Crankset,0
21/05/2020,7,Crankset,1
22/05/2020,7,Crankset,2
23/05/2020,7,Crankset,4
24/05/2020,7,Crankset,0
25/05/2020,7,Crankset,0
26/05/2020,7,Crankset,0
27/05/2020,7,Crankset,0
28/05/2020,7,Crankset,2
29/05/2020,7,Crankset,0
30/05/2020,7,Crankset,0
31/05/2020,7,Crankset,0
01/06/2020,7,Crankset,0
02/06/2020,7,Crankset,0
03/06/2020,7,Crankset,0
04/06/2020,7,Crankset,1
05/06/2020,7,Crankset,0
06/06/2020,7,Crankset,1
07/06/2020,7,Crankset,5
08/06/2020,7,Crankset,4
09/06/2020,7,Crankset,2
10/06/2020,7,Crankset,5
11/06/2020,7,Crankset,0
12/06/2020,7,Crankset,0
13/06/2020,7,Crankset,0
14/06/2020,7,Crankset,3
15/06/2020,7,Crankset,6
16/06/2020,7,Crankset,4
17/06/2020,7,Crankset,5
18/06/2020,7,Crankset,4
19/06/2020,7,Crankset,4
20/06/2020,7,Crankset,0
21/06/2020,7,Crankset,3
22/06/2020,7,Crankset,0
23/06/2020,7,Crankset,0
24/06/2020,7,Crankset,0
25/06/2020,7,Crankset,0
26/06/2020,7,Crankset,0
27/06/2020,7,Crankset,0
28/06/2020,7,Crankset,0
29/06/2020,7,Crankset,0
30/06/2020,7,Crankset,1
01/07/2020,7,Crankset,3
02/07/2020,7,Crankset,3
03/07/2020,7,Crankset,4
04/07/2020,7,Crankset,0
05/07/2020,7,Crankset,1
06/07/2020,7,Crankset,0
07/07/2020,7,Crankset,2
08/07/2020,7,Crankset,0
09/07/2020,7,Crankset,3
10/07/2020,7,Crankset,4
11/07/2020,7,Crankset,5
12/07/2020,7,Crankset,0
13/07/2020,7,Crankset,0
14/07/2020,7,Crankset,0
15/07/2020,7,Crankset,0
16/07/2020,7,Crankset,0
17/07/2020,7,Crankset,0
18/07/2020,7,Crankset,0
19/07/2020,7,Crankset,0
20/07/2020,7,Crankset,0
21/07/2020,7,Crankset,0
22/07/2020,7,Crankset,0
23/07/2020,7,Crankset,0
24/07/2020,7,Crankset,0
25/07/2020,7,Crankset,0
26/07/2020,7,Crankset,0
27/07/2020,7,Crankset,0
28/07/2020,7,Crankset,0
29/07/2020,7,Crankset,0
30/07/2020,7,Crankset,0
31/07/2020,7,Crankset,0
01/08/2020,7,Crankset,3
02/08/2020,7,Crankset,0
03/08/2020,7,Crankset,1
04/08/2020,7,Crankset,2
05/08/2020,7,Crankset,0
06/08/2020,7,Crankset,0
07/08/2020,7,Crankset,0
08/08/2020,7,Crankset,0
09/08/2020,7,Crankset,1
10/08/2020,7,Crankset,0
11/08/2020,7,Crankset,0
12/08/2020,7,Crankset,0
13/08/2020,7,Crankset,0
14/08/2020,7,Crankset,4
15/08/2020,7,Crankset,2
16/08/2020,7,Crankset,0
17/08/2020,7,Crankset,0
18/08/2020,7,Crankset,3
19/08/2020,7,Crankset,3
20/08/2020,7,Crankset,4
21/08/2020,7,Crankset,2
22/08/2020,7,Crankset,0
23/08/2020,7,Crankset,1
24/08/2020,7,Crankset,4
25/08/2020,7,Crankset,4
26/08/2020,7,Crankset,5
27/08/2020,7,Crankset,5
28/08/2020,7,Crankset,0
29/08/2020,7,Crankset,0
30/08/2020,7,Crankset,0
31/08/2020,7,Crankset,1
01/09/2020,7,Crankset,4
02/09/2020,7,Crankset,4
03/09/2020,7,Crankset,3
04/09/2020,7,Crankset,3
05/09/2020,7,Crankset,1
06/09/2020,7,Crankset,0
07/09/2020,7,Crankset,0
08/09/2020,7,Crankset,0
09/09/2020,7,Crankset,0
10/09/2020,7,Crankset,2
11/09/2020,7,Crankset,0
12/09/2020,7,Crankset,1
13/09/2020,7,Crankset,4
14/09/2020,7,Crankset,7
15/09/2020,7,Crankset,2
16/09/2020,7,Crankset,1
17/09/2020,7,Crankset,2
18/09/2020,7,Crankset,0
19/09/2020,7,Crankset,0
20/09/2020,7,Crankset,0
21/09/2020,7,Crankset,0
22/09/2020,7,Crankset,0
23/09/2020,7,Crankset,0
24/09/2020,7,Crankset,0
25/09/2020,7,Crankset,0
26/09/2020,7,Crankset,0
27/09/2020,7,Crankset,0
28/09/2020,7,Crankset,4
29/09/2020,7,Crankset,7
30/09/2020,7,Crankset,1
01/10/2020,7,Crankset,0
02/10/2020,7,Crankset,1
03/10/2020,7,Crankset,2
04/10/2020,7,Crankset,1
05/10/2020,7,Crankset,0
06/10/2020,7,Crankset,0
01/01/2020,10,Inner tube,25
02/01/2020,10,Inner tube,21
03/01/2020,10,Inner tube,19
04/01/2020,10,Inner tube,19
05/01/2020,10,Inner tube,19
06/01/2020,10,Inner tube,15
07/01/2020,10,Inner tube,15
08/01/2020,10,Inner tube,16
09/01/2020,10,Inner tube,16
10/01/2020,10,Inner tube,16
11/01/2020,10,Inner tube,18
12/01/2020,10,Inner tube,17
13/01/2020,10,Inner tube,15
14/01/2020,10,Inner tube,9
15/01/2020,10,Inner tube,10
16/01/2020,10,Inner tube,14
17/01/2020,10,Inner tube,10
18/01/2020,10,Inner tube,11
19/01/2020,10,Inner tube,9
20/01/2020,10,Inner tube,8
21/01/2020,10,Inner tube,9
22/01/2020,10,Inner tube,7
23/01/2020,10,Inner tube,7
24/01/2020,10,Inner tube,7
25/01/2020,10,Inner tube,10
26/01/2020,10,Inner tube,10
27/01/2020,10,Inner tube,10
28/01/2020,10,Inner tube,9
29/01/2020,10,Inner tube,7
30/01/2020,10,Inner tube,1
31/01/2020,10,Inner tube,2
01/02/2020,10,Inner tube,3
02/02/2020,10,Inner tube,0
03/02/2020,10,Inner tube,0
04/02/2020,10,Inner tube,1
05/02/2020,10,Inner tube,0
06/02/2020,10,Inner tube,0
07/02/2020,10,Inner tube,0
08/02/2020,10,Inner tube,1
09/02/2020,10,Inner tube,4
10/02/2020,10,Inner tube,8
11/02/2020,10,Inner tube,7
12/02/2020,10,Inner tube,9
13/02/2020,10,Inner tube,12
14/02/2020,10,Inner tube,16
15/02/2020,10,Inner tube,14
16/02/2020,10,Inner tube,8
17/02/2020,10,Inner tube,11
18/02/2020,10,Inner tube,12
19/02/2020,10,Inner tube,13
20/02/2020,10,Inner tube,9
21/02/2020,10,Inner tube,11
22/02/2020,10,Inner tube,5
23/02/2020,10,Inner tube,3
24/02/2020,10,Inner tube,3
25/02/2020,10,Inner tube,0
26/02/2020,10,Inner tube,0
27/02/2020,10,Inner tube,0
28/02/2020,10,Inner tube,0
29/02/2020,10,Inner tube,0
01/03/2020,10,Inner tube,0
02/03/2020,10,Inner tube,0
03/03/2020,10,Inner tube,0
04/03/2020,10,Inner tube,4
05/03/2020,10,Inner tube,0
06/03/2020,10,Inner tube,0
07/03/2020,10,Inner tube,0
08/03/2020,10,Inner tube,1
09/03/2020,10,Inner tube,2
10/03/2020,10,Inner tube,6
11/03/2020,10,Inner tube,0
12/03/2020,10,Inner tube,1
13/03/2020,10,Inner tube,0
14/03/2020,10,Inner tube,0
15/03/2020,10,Inner tube,0
16/03/2020,10,Inner tube,0
17/03/2020,10,Inner tube,0
18/03/2020,10,Inner tube,0
19/03/2020,10,Inner tube,0
20/03/2020,10,Inner tube,0
21/03/2020,10,Inner tube,1
22/03/2020,10,Inner tube,5
23/03/2020,10,Inner tube,7
24/03/2020,10,Inner tube,0
25/03/2020,10,Inner tube,0
26/03/2020,10,Inner tube,0
27/03/2020,10,Inner tube,0
28/03/2020,10,Inner tube,0
29/03/2020,10,Inner tube,0
30/03/2020,10,Inner tube,0
31/03/2020,10,Inner tube,0
01/04/2020,10,Inner tube,0
02/04/2020,10,Inner tube,0
03/04/2020,10,Inner tube,4
04/04/2020,10,Inner tube,2
05/04/2020,10,Inner tube,5
06/04/2020,10,Inner tube,5
07/04/2020,10,Inner tube,6
08/04/2020,10,Inner tube,8
09/04/2020,10,Inner tube,9
10/04/2020,10,Inner tube,7
11/04/2020,10,Inner tube,6
12/04/2020,10,Inner tube,8
13/04/2020,10,Inner tube,8
14/04/2020,10,Inner tube,6
15/04/2020,10,Inner tube,7
16/04/2020,10,Inner tube,5
17/04/2020,10,Inner tube,9
18/04/2020,10,Inner tube,10
19/04/2020,10,Inner tube,2
20/04/2020,10,Inner tube,0
21/04/2020,10,Inner tube,0
22/04/2020,10,Inner tube,0
23/04/2020,10,Inner tube,0
24/04/2020,10,Inner tube,0
25/04/2020,10,Inner tube,0
26/04/2020,10,Inner tube,0
27/04/2020,10,Inner tube,1
28/04/2020,10,Inner tube,0
29/04/2020,10,Inner tube,0
30/04/2020,10,Inner tube,4
01/05/2020,10,Inner tube,7
02/05/2020,10,Inner tube,3
03/05/2020,10,Inner tube,1
04/05/2020,10,Inner tube,0
05/05/2020,10,Inner tube,0
06/05/2020,10,Inner tube,0
07/05/2020,10,Inner tube,0
08/05/2020,10,Inner tube,4
09/05/2020,10,Inner tube,8
10/05/2020,10,Inner tube,12
11/05/2020,10,Inner tube,10
12/05/2020,10,Inner tube,11
13/05/2020,10,Inner tube,9
14/05/2020,10,Inner tube,7
15/05/2020,10,Inner tube,7
16/05/2020,10,Inner tube,5
17/05/2020,10,Inner tube,0
18/05/2020,10,Inner tube,0
19/05/2020,10,Inner tube,0
20/05/2020,10,Inner tube,0
21/05/2020,10,Inner tube,0
22/05/2020,10,Inner tube,0
23/05/2020,10,Inner tube,0
24/05/2020,10,Inner tube,1
25/05/2020,10,Inner tube,4
26/05/2020,10,Inner tube,2
27/05/2020,10,Inner tube,4
28/05/2020,10,Inner tube,2
29/05/2020,10,Inner tube,0
30/05/2020,10,Inner tube,0
31/05/2020,10,Inner tube,0
01/06/2020,10,Inner tube,4
02/06/2020,10,Inner tube,6
03/06/2020,10,Inner tube,4
04/06/2020,10,Inner tube,8
05/06/2020,10,Inner tube,10
06/06/2020,10,Inner tube,6
07/06/2020,10,Inner tube,5
08/06/2020,10,Inner tube,0
09/06/2020,10,Inner tube,3
10/06/2020,10,Inner tube,7
11/06/2020,10,Inner tube,5
12/06/2020,10,Inner tube,0
13/06/2020,10,Inner tube,0
14/06/2020,10,Inner tube,0
15/06/2020,10,Inner tube,3
16/06/2020,10,Inner tube,2
17/06/2020,10,Inner tube,0
18/06/2020,10,Inner tube,0
19/06/2020,10,Inner tube,0
20/06/2020,10,Inner tube,0
21/06/2020,10,Inner tube,0
22/06/2020,10,Inner tube,2
23/06/2020,10,Inner tube,0
24/06/2020,10,Inner tube,0
25/06/2020,10,Inner tube,2
26/06/2020,10,Inner tube,0
27/06/2020,10,Inner tube,3
28/06/2020,10,Inner tube,6
29/06/2020,10,Inner tube,6
30/06/2020,10,Inner tube,2
01/07/2020,10,Inner tube,5
02/07/2020,10,Inner tube,6
03/07/2020,10,Inner tube,4
04/07/2020,10,Inner tube,8
05/07/2020,10,Inner tube,7
06/07/2020,10,Inner tube,3
07/07/2020,10,Inner tube,0
08/07/2020,10,Inner tube,1
09/07/2020,10,Inner tube,0
10/07/2020,10,Inner tube,0
11/07/2020,10,Inner tube,1
12/07/2020,10,Inner tube,0
13/07/2020,10,Inner tube,0
14/07/2020,10,Inner tube,0
15/07/2020,10,Inner tube,0
16/07/2020,10,Inner tube,0
17/07/2020,10,Inner tube,0
18/07/2020,10,Inner tube,0
19/07/2020,10,Inner tube,0
20/07/2020,10,Inner tube,0
21/07/2020,10,Inner tube,1
22/07/2020,10,Inner tube,0
23/07/2020,10,Inner tube,0
24/07/2020,10,Inner tube,1
25/07/2020,10,Inner tube,2
26/07/2020,10,Inner tube,1
27/07/2020,10,Inner tube,0
28/07/2020,10,Inner tube,0
29/07/2020,10,Inner tube,0
30/07/2020,10,Inner tube,0
31/07/2020,10,Inner tube,0
01/08/2020,10,Inner tube,0
02/08/2020,10,Inner tube,2
03/08/2020,10,Inner tube,0
04/08/2020,10,Inner tube,0
05/08/2020,10,Inner tube,0
06/08/2020,10,Inner tube,0
07/08/2020,10,Inner tube,0
08/08/2020,10,Inner tube,2
09/08/2020,10,Inner tube,4
10/08/2020,10,Inner tube,7
11/08/2020,10,Inner tube,1
12/08/2020,10,Inner tube,0
13/08/2020,10,Inner tube,4
14/08/2020,10,Inner tube,0
15/08/2020,10,Inner tube,0
16/08/2020,10,Inner tube,0
17/08/2020,10,Inner tube,4
18/08/2020,10,Inner tube,5
19/08/2020,10,Inner tube,8
20/08/2020,10,Inner tube,12
21/08/2020,10,Inner tube,10
22/08/2020,10,Inner tube,5
23/08/2020,10,Inner tube,9
24/08/2020,10,Inner tube,8
25/08/2020,10,Inner tube,9
26/08/2020,10,Inner tube,10
27/08/2020,10,Inner tube,4
28/08/2020,10,Inner tube,2
29/08/2020,10,Inner tube,3
30/08/2020,10,Inner tube,6
31/08/2020,10,Inner tube,7
01/09/2020,10,Inner tube,11
02/09/2020,10,Inner tube,10
03/09/2020,10,Inner tube,11
04/09/2020,10,Inner tube,12
05/09/2020,10,Inner tube,13
06/09/2020,10,Inner tube,5
07/09/2020,10,Inner tube,4
08/09/2020,10,Inner tube,4
09/09/2020,10,Inner tube,3
10/09/2020,10,Inner tube,1
11/09/2020,10,Inner tube,0
12/09/2020,10,Inner tube,0
13/09/2020,10,Inner tube,1
14/09/2020,10,Inner tube,1
15/09/2020,10,Inner tube,0
16/09/2020,10,Inner tube,1
17/09/2020,10,Inner tube,3
18/09/2020,10,Inner tube,4
19/09/2020,10,Inner tube,2
20/09/2020,10,Inner tube,3
21/09/2020,10,Inner tube,4
22/09/2020,10,Inner tube,5
23/09/2020,10,Inner tube,5
24/09/2020,10,Inner tube,1
25/09/2020,10,Inner tube,1
26/09/2020,10,Inner tube,1
27/09/2020,10,Inner tube,0
28/09/2020,10,Inner tube,1
29/09/2020,10,Inner tube,0
30/09/2020,10,Inner tube,0
01/10/2020,10,Inner tube,0
02/10/2020,10,Inner tube,3
03/10/2020,10,Inner tube,5
04/10/2020,10,Inner tube,3
05/10/2020,10,Inner tube,0
06/10/2020,10,Inner tube,1
01/01/2020,13,Chain,73
02/01/2020,13,Chain,73
03/01/2020,13,Chain,73
04/01/2020,13,Chain,77
05/01/2020,13,Chain,78
06/01/2020,13,Chain,77
07/01/2020,13,Chain,75
08/01/2020,13,Chain,73
09/01/2020,13,Chain,71
10/01/2020,13,Chain,74
11/01/2020,13,Chain,74
12/01/2020,13,Chain,78
13/01/2020,13,Chain,78
14/01/2020,13,Chain,74
15/01/2020,13,Chain,73
16/01/2020,13,Chain,72
17/01/2020,13,Chain,68
18/01/2020,13,Chain,68
19/01/2020,13,Chain,72
20/01/2020,13,Chain,76
21/01/2020,13,Chain,70
22/01/2020,13,Chain,74
23/01/2020,13,Chain,74
24/01/2020,13,Chain,68
25/01/2020,13,Chain,69
26/01/2020,13,Chain,61
27/01/2020,13,Chain,64
28/01/2020,13,Chain,63
29/01/2020,13,Chain,63
30/01/2020,13,Chain,61
31/01/2020,13,Chain,59
01/02/2020,13,Chain,63
02/02/2020,13,Chain,55
03/02/2020,13,Chain,53
04/02/2020,13,Chain,54
05/02/2020,13,Chain,54
06/02/2020,13,Chain,52
07/02/2020,13,Chain,56
08/02/2020,13,Chain,60
09/02/2020,13,Chain,60
10/02/2020,13,Chain,61
11/02/2020,13,Chain,57
12/02/2020,13,Chain,58
13/02/2020,13,Chain,61
14/02/2020,13,Chain,59
15/02/2020,13,Chain,59
16/02/2020,13,Chain,60
17/02/2020,13,Chain,60
18/02/2020,13,Chain,56
19/02/2020,13,Chain,55
20/02/2020,13,Chain,58
21/02/2020,13,Chain,62
22/02/2020,13,Chain,58
23/02/2020,13,Chain,56
24/02/2020,13,Chain,54
25/02/2020,13,Chain,54
26/02/2020,13,Chain,48
27/02/2020,13,Chain,47
28/02/2020,13,Chain,43
29/02/2020,13,Chain,42
01/03/2020,13,Chain,36
02/03/2020,13,Chain,40
03/03/2020,13,Chain,40
04/03/2020,13,Chain,38
05/03/2020,13,Chain,39
06/03/2020,13,Chain,40
07/03/2020,13,Chain,36
08/03/2020,13,Chain,34
09/03/2020,13,Chain,26
10/03/2020,13,Chain,18
11/03/2020,13,Chain,16
12/03/2020,13,Chain,17
13/03/2020,13,Chain,13
14/03/2020,13,Chain,9
15/03/2020,13,Chain,10
16/03/2020,13,Chain,8
17/03/2020,13,Chain,10
18/03/2020,13,Chain,10
19/03/2020,13,Chain,9
20/03/2020,13,Chain,8
21/03/2020,13,Chain,8
22/03/2020,13,Chain,6
23/03/2020,13,Chain,6
24/03/2020,13,Chain,0
25/03/2020,13,Chain,0
26/03/2020,13,Chain,0
27/03/2020,13,Chain,0
28/03/2020,13,Chain,2
29/03/2020,13,Chain,1
30/03/2020,13,Chain,0
31/03/2020,13,Chain,0
01/04/2020,13,Chain,0
02/04/2020,13,Chain,1
03/04/2020,13,Chain,0
04/04/2020,13,Chain,4
05/04/2020,13,Chain,4
06/04/2020,13,Chain,0
07/04/2020,13,Chain,0
08/04/2020,13,Chain,0
09/04/2020,13,Chain,0
10/04/2020,13,Chain,1
11/04/2020,13,Chain,0
12/04/2020,13,Chain,0
13/04/2020,13,Chain,0
14/04/2020,13,Chain,0
15/04/2020,13,Chain,2
16/04/2020,13,Chain,3
17/04/2020,13,Chain,4
18/04/2020,13,Chain,2
19/04/2020,13,Chain,0
20/04/2020,13,Chain,0
21/04/2020,13,Chain,0
22/04/2020,13,Chain,0
23/04/2020,13,Chain,0
24/04/2020,13,Chain,0
25/04/2020,13,Chain,1
26/04/2020,13,Chain,0
27/04/2020,13,Chain,0
28/04/2020,13,Chain,0
29/04/2020,13,Chain,0
30/04/2020,13,Chain,0
01/05/2020,13,Chain,0
02/05/2020,13,Chain,0
03/05/2020,13,Chain,2
04/05/2020,13,Chain,3
05/05/2020,13,Chain,6
06/05/2020,13,Chain,6
07/05/2020,13,Chain,9
08/05/2020,13,Chain,10
09/05/2020,13,Chain,13
10/05/2020,13,Chain,9
11/05/2020,13,Chain,8
12/05/2020,13,Chain,7
13/05/2020,13,Chain,7
14/05/2020,13,Chain,5
15/05/2020,13,Chain,1
16/05/2020,13,Chain,1
17/05/2020,13,Chain,4
18/05/2020,13,Chain,3
19/05/2020,13,Chain,0
20/05/2020,13,Chain,0
21/05/2020,13,Chain,0
22/05/2020,13,Chain,0
23/05/2020,13,Chain,0
24/05/2020,13,Chain,2
25/05/2020,13,Chain,0
26/05/2020,13,Chain,0
27/05/2020,13,Chain,0
28/05/2020,13,Chain,1
29/05/2020,13,Chain,0
30/05/2020,13,Chain,0
31/05/2020,13,Chain,0
01/06/2020,13,Chain,0
02/06/2020,13,Chain,0
03/06/2020,13,Chain,0
04/06/2020,13,Chain,0
05/06/2020,13,Chain,0
06/06/2020,13,Chain,0
07/06/2020,13,Chain,0
08/06/2020,13,Chain,0
09/06/2020,13,Chain,3
10/06/2020,13,Chain,1
11/06/2020,13,Chain,0
12/06/2020,13,Chain,1
13/06/2020,13,Chain,5
14/06/2020,13,Chain,5
15/06/2020,13,Chain,1
16/06/2020,13,Chain,1
17/06/2020,13,Chain,1
18/06/2020,13,Chain,0
19/06/2020,13,Chain,0
20/06/2020,13,Chain,0
21/06/2020,13,Chain,2
22/06/2020,13,Chain,3
23/06/2020,13,Chain,3
24/06/2020,13,Chain,0
25/06/2020,13,Chain,0
26/06/2020,13,Chain,0
27/06/2020,13,Chain,0
28/06/2020,13,Chain,0
29/06/2020,13,Chain,0
30/06/2020,13,Chain,0
01/07/2020,13,Chain,0
02/07/2020,13,Chain,0
03/07/2020,13,Chain,0
04/07/2020,13,Chain,0
05/07/2020,13,Chain,1
06/07/2020,13,Chain,0
07/07/2020,13,Chain,3
08/07/2020,13,Chain,2
09/07/2020,13,Chain,2
10/07/2020,13,Chain,1
11/07/2020,13,Chain,0
12/07/2020,13,Chain,4
13/07/2020,13,Chain,0
14/07/2020,13,Chain,0
15/07/2020,13,Chain,0
16/07/2020,13,Chain,0
17/07/2020,13,Chain,2
18/07/2020,13,Chain,1
19/07/2020,13,Chain,1
20/07/2020,13,Chain,0
21/07/2020,13,Chain,0
22/07/2020,13,Chain,4
23/07/2020,13,Chain,0
24/07/2020,13,Chain,0
25/07/2020,13,Chain,0
26/07/2020,13,Chain,0
27/07/2020,13,Chain,0
28/07/2020,13,Chain,0
29/07/2020,13,Chain,1
30/07/2020,13,Chain,0
31/07/2020,13,Chain,4
01/08/2020,13,Chain,0
02/08/2020,13,Chain,4
03/08/2020,13,Chain,4
04/08/2020,13,Chain,0
05/08/2020,13,Chain,0
06/08/2020,13,Chain,0
07/08/2020,13,Chain,2
08/08/2020,13,Chain,0
09/08/2020,13,Chain,1
10/08/2020,13,Chain,0
11/08/2020,13,Chain,0
12/08/2020,13,Chain,0
13/08/2020,13,Chain,1
14/08/2020,13,Chain,0
15/08/2020,13,Chain,0
16/08/2020,13,Chain,2
17/08/2020,13,Chain,2
18/08/2020,13,Chain,0
19/08/2020,13,Chain,1
20/08/2020,13,Chain,4
21/08/2020,13,Chain,2
22/08/2020,13,Chain,1
23/08/2020,13,Chain,2
24/08/2020,13,Chain,2
25/08/2020,13,Chain,5
26/08/2020,13,Chain,4
27/08/2020,13,Chain,0
28/08/2020,13,Chain,0
29/08/2020,13,Chain,0
30/08/2020,13,Chain,0
31/08/2020,13,Chain,0
01/09/2020,13,Chain,0
02/09/2020,13,Chain,1
03/09/2020,13,Chain,1
04/09/2020,13,Chain,1
05/09/2020,13,Chain,0
06/09/2020,13,Chain,0
07/09/2020,13,Chain,0
08/09/2020,13,Chain,1
09/09/2020,13,Chain,0
10/09/2020,13,Chain,4
11/09/2020,13,Chain,6
12/09/2020,13,Chain,9
13/09/2020,13,Chain,12
14/09/2020,13,Chain,10
15/09/2020,13,Chain,8
16/09/2020,13,Chain,8
17/09/2020,13,Chain,9
18/09/2020,13,Chain,7
19/09/2020,13,Chain,0
20/09/2020,13,Chain,3
21/09/2020,13,Chain,6
22/09/2020,13,Chain,4
23/09/2020,13,Chain,3
24/09/2020,13,Chain,3
25/09/2020,13,Chain,3
26/09/2020,13,Chain,2
27/09/2020,13,Chain,0
28/09/2020,13,Chain,0
29/09/2020,13,Chain,0
30/09/2020,13,Chain,0
01/10/2020,13,Chain,0
02/10/2020,13,Chain,0
03/10/2020,13,Chain,0
04/10/2020,13,Chain,0
05/10/2020,13,Chain,0
06/10/2020,13,Chain,0
01/01/2020,16,Hub,14
02/01/2020,16,Hub,8
03/01/2020,16,Hub,3
04/01/2020,16,Hub,0
05/01/2020,16,Hub,2
06/01/2020,16,Hub,3
07/01/2020,16,Hub,4
08/01/2020,16,Hub,7
09/01/2020,16,Hub,8
10/01/2020,16,Hub,7
11/01/2020,16,Hub,11
12/01/2020,16,Hub,11
13/01/2020,16,Hub,15
14/01/2020,16,Hub,17
15/01/2020,16,Hub,16
16/01/2020,16,Hub,14
17/01/2020,16,Hub,13
18/01/2020,16,Hub,8
19/01/2020,16,Hub,6
20/01/2020,16,Hub,0
21/01/2020,16,Hub,0
22/01/2020,16,Hub,0
23/01/2020,16,Hub,1
24/01/2020,16,Hub,2
25/01/2020,16,Hub,0
26/01/2020,16,Hub,4
27/01/2020,16,Hub,0
28/01/2020,16,Hub,0
29/01/2020,16,Hub,3
30/01/2020,16,Hub,0
31/01/2020,16,Hub,0
01/02/2020,16,Hub,0
02/02/2020,16,Hub,0
03/02/2020,16,Hub,0
04/02/2020,16,Hub,1
05/02/2020,16,Hub,0
06/02/2020,16,Hub,1
07/02/2020,16,Hub,0
08/02/2020,16,Hub,4
09/02/2020,16,Hub,2
10/02/2020,16,Hub,5
11/02/2020,16,Hub,6
12/02/2020,16,Hub,5
13/02/2020,16,Hub,9
14/02/2020,16,Hub,7
15/02/2020,16,Hub,8
16/02/2020,16,Hub,6
17/02/2020,16,Hub,4
18/02/2020,16,Hub,0
19/02/2020,16,Hub,3
20/02/2020,16,Hub,0
21/02/2020,16,Hub,0
22/02/2020,16,Hub,0
23/02/2020,16,Hub,0
24/02/2020,16,Hub,0
25/02/2020,16,Hub,0
26/02/2020,16,Hub,1
27/02/2020,16,Hub,1
28/02/2020,16,Hub,0
29/02/2020,16,Hub,0
01/03/2020,16,Hub,0
02/03/2020,16,Hub,0
03/03/2020,16,Hub,0
04/03/2020,16,Hub,0
05/03/2020,16,Hub,0
06/03/2020,16,Hub,0
07/03/2020,16,Hub,0
08/03/2020,16,Hub,0
09/03/2020,16,Hub,1
10/03/2020,16,Hub,2
11/03/2020,16,Hub,5
12/03/2020,16,Hub,9
13/03/2020,16,Hub,3
14/03/2020,16,Hub,0
15/03/2020,16,Hub,0
16/03/2020,16,Hub,0
17/03/2020,16,Hub,0
18/03/2020,16,Hub,0
19/03/2020,16,Hub,0
20/03/2020,16,Hub,0
21/03/2020,16,Hub,0
22/03/2020,16,Hub,1
23/03/2020,16,Hub,2
24/03/2020,16,Hub,3
25/03/2020,16,Hub,0
26/03/2020,16,Hub,0
27/03/2020,16,Hub,1
28/03/2020,16,Hub,0
29/03/2020,16,Hub,0
30/03/2020,16,Hub,0
31/03/2020,16,Hub,0
01/04/2020,16,Hub,0
02/04/2020,16,Hub,0
03/04/2020,16,Hub,0
04/04/2020,16,Hub,0
05/04/2020,16,Hub,0
06/04/2020,16,Hub,1
07/04/2020,16,Hub,2
08/04/2020,16,Hub,2
09/04/2020,16,Hub,6
10/04/2020,16,Hub,7
11/04/2020,16,Hub,5
12/04/2020,16,Hub,0
13/04/2020,16,Hub,0
14/04/2020,16,Hub,0
15/04/2020,16,Hub,0
16/04/2020,16,Hub,0
17/04/2020,16,Hub,0
18/04/2020,16,Hub,0
19/04/2020,16,Hub,0
20/04/2020,16,Hub,4
21/04/2020,16,Hub,5
22/04/2020,16,Hub,3
23/04/2020,16,Hub,6
24/04/2020,16,Hub,4
25/04/2020,16,Hub,4
26/04/2020,16,Hub,7
27/04/2020,16,Hub,0
28/04/2020,16,Hub,3
29/04/2020,16,Hub,4
30/04/2020,16,Hub,0
01/05/2020,16,Hub,3
02/05/2020,16,Hub,1
03/05/2020,16,Hub,0
04/05/2020,16,Hub,0
05/05/2020,16,Hub,0
06/05/2020,16,Hub,0
07/05/2020,16,Hub,3
08/05/2020,16,Hub,1
09/05/2020,16,Hub,0
10/05/2020,16,Hub,0
11/05/2020,16,Hub,3
12/05/2020,16,Hub,3
13/05/2020,16,Hub,1
14/05/2020,16,Hub,0
15/05/2020,16,Hub,1
16/05/2020,16,Hub,1
17/05/2020,16,Hub,5
18/05/2020,16,Hub,4
19/05/2020,16,Hub,5
20/05/2020,16,Hub,6
21/05/2020,16,Hub,9
22/05/2020,16,Hub,3
23/05/2020,16,Hub,1
24/05/2020,16,Hub,0
25/05/2020,16,Hub,0
26/05/2020,16,Hub,1
27/05/2020,16,Hub,3
28/05/2020,16,Hub,0
29/05/2020,16,Hub,0
30/05/2020,16,Hub,4
31/05/2020,16,Hub,8
01/06/2020,16,Hub,6
02/06/2020,16,Hub,5
03/06/2020,16,Hub,6
04/06/2020,16,Hub,9
05/06/2020,16,Hub,9
06/06/2020,16,Hub,9
07/06/2020,16,Hub,9
08/06/2020,16,Hub,8
09/06/2020,16,Hub,8
10/06/2020,16,Hub,0
11/06/2020,16,Hub,0
12/06/2020,16,Hub,3
13/06/2020,16,Hub,1
14/06/2020,16,Hub,0
15/06/2020,16,Hub,4
16/06/2020,16,Hub,5
17/06/2020,16,Hub,0
18/06/2020,16,Hub,1
19/06/2020,16,Hub,0
20/06/2020,16,Hub,3
21/06/2020,16,Hub,1
22/06/2020,16,Hub,0
23/06/2020,16,Hub,0
24/06/2020,16,Hub,0
25/06/2020,16,Hub,0
26/06/2020,16,Hub,4
27/06/2020,16,Hub,5
28/06/2020,16,Hub,0
29/06/2020,16,Hub,4
30/06/2020,16,Hub,8
01/07/2020,16,Hub,10
02/07/2020,16,Hub,6
03/07/2020,16,Hub,2
04/07/2020,16,Hub,5
05/07/2020,16,Hub,6
06/07/2020,16,Hub,5
07/07/2020,16,Hub,6
08/07/2020,16,Hub,4
09/07/2020,16,Hub,4
10/07/2020,16,Hub,4
11/07/2020,16,Hub,2
12/07/2020,16,Hub,5
13/07/2020,16,Hub,3
14/07/2020,16,Hub,4
15/07/2020,16,Hub,5
16/07/2020,16,Hub,8
17/07/2020,16,Hub,6
18/07/2020,16,Hub,7
19/07/2020,16,Hub,6
20/07/2020,16,Hub,0
21/07/2020,16,Hub,0
22/07/2020,16,Hub,0
23/07/2020,16,Hub,3
24/07/2020,16,Hub,0
25/07/2020,16,Hub,0
26/07/2020,16,Hub,1
27/07/2020,16,Hub,0
28/07/2020,16,Hub,0
29/07/2020,16,Hub,3
30/07/2020,16,Hub,1
31/07/2020,16,Hub,0
01/08/2020,16,Hub,0
02/08/2020,16,Hub,4
03/08/2020,16,Hub,7
04/08/2020,16,Hub,2
05/08/2020,16,Hub,6
06/08/2020,16,Hub,6
07/08/2020,16,Hub,4
08/08/2020,16,Hub,7
09/08/2020,16,Hub,6
10/08/2020,16,Hub,2
11/08/2020,16,Hub,0
12/08/2020,16,Hub,0
13/08/2020,16,Hub,0
14/08/2020,16,Hub,4
15/08/2020,16,Hub,7
16/08/2020,16,Hub,7
17/08/2020,16,Hub,3
18/08/2020,16,Hub,0
19/08/2020,16,Hub,0
20/08/2020,16,Hub,0
21/08/2020,16,Hub,0
22/08/2020,16,Hub,1
23/08/2020,16,Hub,0
24/08/2020,16,Hub,0
25/08/2020,16,Hub,0
26/08/2020,16,Hub,0
27/08/2020,16,Hub,0
28/08/2020,16,Hub,1
29/08/2020,16,Hub,0
30/08/2020,16,Hub,0
31/08/2020,16,Hub,0
01/09/2020,16,Hub,0
02/09/2020,16,Hub,3
03/09/2020,16,Hub,0
04/09/2020,16,Hub,1
05/09/2020,16,Hub,0
06/09/2020,16,Hub,0
07/09/2020,16,Hub,0
08/09/2020,16,Hub,0
09/09/2020,16,Hub,4
10/09/2020,16,Hub,2
11/09/2020,16,Hub,3
12/09/2020,16,Hub,3
13/09/2020,16,Hub,4
14/09/2020,16,Hub,2
15/09/2020,16,Hub,0
16/09/2020,16,Hub,1
17/09/2020,16,Hub,0
18/09/2020,16,Hub,3
19/09/2020,16,Hub,5
20/09/2020,16,Hub,3
21/09/2020,16,Hub,0
22/09/2020,16,Hub,3
23/09/2020,16,Hub,6
24/09/2020,16,Hub,4
25/09/2020,16,Hub,2
26/09/2020,16,Hub,1
27/09/2020,16,Hub,0
28/09/2020,16,Hub,1
29/09/2020,16,Hub,0
30/09/2020,16,Hub,0
01/10/2020,16,Hub,1
02/10/2020,16,Hub,2
03/10/2020,16,Hub,2
04/10/2020,16,Hub,1
05/10/2020,16,Hub,1
06/10/2020,16,Hub,1
01/01/2020,25,Frame,10
02/01/2020,25,Frame,5
03/01/2020,25,Frame,0
04/01/2020,25,Frame,0
05/01/2020,25,Frame,0
06/01/2020,25,Frame,0
07/01/2020,25,Frame,0
08/01/2020,25,Frame,0
09/01/2020,25,Frame,0
10/01/2020,25,Frame,0
11/01/2020,25,Frame,0
12/01/2020,25,Frame,1
13/01/2020,25,Frame,2
14/01/2020,25,Frame,1
15/01/2020,25,Frame,0
16/01/2020,25,Frame,0
17/01/2020,25,Frame,0
18/01/2020,25,Frame,0
19/01/2020,25,Frame,0
20/01/2020,25,Frame,0
21/01/2020,25,Frame,0
22/01/2020,25,Frame,0
23/01/2020,25,Frame,3
24/01/2020,25,Frame,1
25/01/2020,25,Frame,0
26/01/2020,25,Frame,2
27/01/2020,25,Frame,0
28/01/2020,25,Frame,0
29/01/2020,25,Frame,1
30/01/2020,25,Frame,2
31/01/2020,25,Frame,1
01/02/2020,25,Frame,0
02/02/2020,25,Frame,0
03/02/2020,25,Frame,2
04/02/2020,25,Frame,2
05/02/2020,25,Frame,1
06/02/2020,25,Frame,2
07/02/2020,25,Frame,0
08/02/2020,25,Frame,0
09/02/2020,25,Frame,0
10/02/2020,25,Frame,1
11/02/2020,25,Frame,4
12/02/2020,25,Frame,0
13/02/2020,25,Frame,0
14/02/2020,25,Frame,2
15/02/2020,25,Frame,2
16/02/2020,25,Frame,0
17/02/2020,25,Frame,0
18/02/2020,25,Frame,0
19/02/2020,25,Frame,2
20/02/2020,25,Frame,0
21/02/2020,25,Frame,0
22/02/2020,25,Frame,0
23/02/2020,25,Frame,0
24/02/2020,25,Frame,0
25/02/2020,25,Frame,0
26/02/2020,25,Frame,0
27/02/2020,25,Frame,0
28/02/2020,25,Frame,0
29/02/2020,25,Frame,0
01/03/2020,25,Frame,0
02/03/2020,25,Frame,4
03/03/2020,25,Frame,6
04/03/2020,25,Frame,8
05/03/2020,25,Frame,12
06/03/2020,25,Frame,15
07/03/2020,25,Frame,14
08/03/2020,25,Frame,9
09/03/2020,25,Frame,11
10/03/2020,25,Frame,7
11/03/2020,25,Frame,1
12/03/2020,25,Frame,0
13/03/2020,25,Frame,1
14/03/2020,25,Frame,2
15/03/2020,25,Frame,2
16/03/2020,25,Frame,2
17/03/2020,25,Frame,0
18/03/2020,25,Frame,4
19/03/2020,25,Frame,4
20/03/2020,25,Frame,4
21/03/2020,25,Frame,2
22/03/2020,25,Frame,0
23/03/2020,25,Frame,0
24/03/2020,25,Frame,0
25/03/2020,25,Frame,1
26/03/2020,25,Frame,0
27/03/2020,25,Frame,0
28/03/2020,25,Frame,0
29/03/2020,25,Frame,0
30/03/2020,25,Frame,0
31/03/2020,25,Frame,0
01/04/2020,25,Frame,0
02/04/2020,25,Frame,0
03/04/2020,25,Frame,0
04/04/2020,25,Frame,0
05/04/2020,25,Frame,1
06/04/2020,25,Frame,0
07/04/2020,25,Frame,3
08/04/2020,25,Frame,4
09/04/2020,25,Frame,2
10/04/2020,25,Frame,6
11/04/2020,25,Frame,7
12/04/2020,25,Frame,5
13/04/2020,25,Frame,0
14/04/2020,25,Frame,0
15/04/2020,25,Frame,0
16/04/2020,25,Frame,0
17/04/2020,25,Frame,3
18/04/2020,25,Frame,7
19/04/2020,25,Frame,10
20/04/2020,25,Frame,4
21/04/2020,25,Frame,6
22/04/2020,25,Frame,6
23/04/2020,25,Frame,5
24/04/2020,25,Frame,3
25/04/2020,25,Frame,3
26/04/2020,25,Frame,1
27/04/2020,25,Frame,1
28/04/2020,25,Frame,2
29/04/2020,25,Frame,3
30/04/2020,25,Frame,4
01/05/2020,25,Frame,6
02/05/2020,25,Frame,0
03/05/2020,25,Frame,0
04/05/2020,25,Frame,2
05/05/2020,25,Frame,6
06/05/2020,25,Frame,0
07/05/2020,25,Frame,0
08/05/2020,25,Frame,0
09/05/2020,25,Frame,0
10/05/2020,25,Frame,0
11/05/2020,25,Frame,1
12/05/2020,25,Frame,0
13/05/2020,25,Frame,0
14/05/2020,25,Frame,0
15/05/2020,25,Frame,0
16/05/2020,25,Frame,0
17/05/2020,25,Frame,1
18/05/2020,25,Frame,0
19/05/2020,25,Frame,0
20/05/2020,25,Frame,3
21/05/2020,25,Frame,1
22/05/2020,25,Frame,0
23/05/2020,25,Frame,0
24/05/2020,25,Frame,0
25/05/2020,25,Frame,0
26/05/2020,25,Frame,0
27/05/2020,25,Frame,1
28/05/2020,25,Frame,2
29/05/2020,25,Frame,3
30/05/2020,25,Frame,7
31/05/2020,25,Frame,6
01/06/2020,25,Frame,7
02/06/2020,25,Frame,8
03/06/2020,25,Frame,7
04/06/2020,25,Frame,5
05/06/2020,25,Frame,6
06/06/2020,25,Frame,4
07/06/2020,25,Frame,0
08/06/2020,25,Frame,0
09/06/2020,25,Frame,0
10/06/2020,25,Frame,0
11/06/2020,25,Frame,0
12/06/2020,25,Frame,0
13/06/2020,25,Frame,0
14/06/2020,25,Frame,0
15/06/2020,25,Frame,0
16/06/2020,25,Frame,0
17/06/2020,25,Frame,0
18/06/2020,25,Frame,0
19/06/2020,25,Frame,0
20/06/2020,25,Frame,0
21/06/2020,25,Frame,2
22/06/2020,25,Frame,0
23/06/2020,25,Frame,2
24/06/2020,25,Frame,3
25/06/2020,25,Frame,5
26/06/2020,25,Frame,6
27/06/2020,25,Frame,10
28/06/2020,25,Frame,2
29/06/2020,25,Frame,6
30/06/2020,25,Frame,4
01/07/2020,25,Frame,5
02/07/2020,25,Frame,6
03/07/2020,25,Frame,0
04/07/2020,25,Frame,0
05/07/2020,25,Frame,3
06/07/2020,25,Frame,3
07/07/2020,25,Frame,0
08/07/2020,25,Frame,0
09/07/2020,25,Frame,0
10/07/2020,25,Frame,0
11/07/2020,25,Frame,0
12/07/2020,25,Frame,0
13/07/2020,25,Frame,0
14/07/2020,25,Frame,1
15/07/2020,25,Frame,0
16/07/2020,25,Frame,4
17/07/2020,25,Frame,2
18/07/2020,25,Frame,0
19/07/2020,25,Frame,0
20/07/2020,25,Frame,1
21/07/2020,25,Frame,0
22/07/2020,25,Frame,0
23/07/2020,25,Frame,0
24/07/2020,25,Frame,3
25/07/2020,25,Frame,4
26/07/2020,25,Frame,5
27/07/2020,25,Frame,4
28/07/2020,25,Frame,7
29/07/2020,25,Frame,8
30/07/2020,25,Frame,0
31/07/2020,25,Frame,0
01/08/2020,25,Frame,0
02/08/2020,25,Frame,0
03/08/2020,25,Frame,0
04/08/2020,25,Frame,0
05/08/2020,25,Frame,0
06/08/2020,25,Frame,0
07/08/2020,25,Frame,4
08/08/2020,25,Frame,7
09/08/2020,25,Frame,7
10/08/2020,25,Frame,10
11/08/2020,25,Frame,4
12/08/2020,25,Frame,0
13/08/2020,25,Frame,0
14/08/2020,25,Frame,0
15/08/2020,25,Frame,4
16/08/2020,25,Frame,8
17/08/2020,25,Frame,6
18/08/2020,25,Frame,7
19/08/2020,25,Frame,1
20/08/2020,25,Frame,0
21/08/2020,25,Frame,0
22/08/2020,25,Frame,3
23/08/2020,25,Frame,3
24/08/2020,25,Frame,1
25/08/2020,25,Frame,0
26/08/2020,25,Frame,0
27/08/2020,25,Frame,0
28/08/2020,25,Frame,0
29/08/2020,25,Frame,0
30/08/2020,25,Frame,0
31/08/2020,25,Frame,0
01/09/2020,25,Frame,0
02/09/2020,25,Frame,0
03/09/2020,25,Frame,0
04/09/2020,25,Frame,0
05/09/2020,25,Frame,3
06/09/2020,25,Frame,3
07/09/2020,25,Frame,3
08/09/2020,25,Frame,3
09/09/2020,25,Frame,5
10/09/2020,25,Frame,0
11/09/2020,25,Frame,4
12/09/2020,25,Frame,4
13/09/2020,25,Frame,2
14/09/2020,25,Frame,0
15/09/2020,25,Frame,2
16/09/2020,25,Frame,1
17/09/2020,25,Frame,0
18/09/2020,25,Frame,0
19/09/2020,25,Frame,3
20/09/2020,25,Frame,4
21/09/2020,25,Frame,0
22/09/2020,25,Frame,0
23/09/2020,25,Frame,1
24/09/2020,25,Frame,0
25/09/2020,25,Frame,0
26/09/2020,25,Frame,0
27/09/2020,25,Frame,3
28/09/2020,25,Frame,2
29/09/2020,25,Frame,2
30/09/2020,25,Frame,3
01/10/2020,25,Frame,1
02/10/2020,25,Frame,4
03/10/2020,25,Frame,6
04/10/2020,25,Frame,6
05/10/2020,25,Frame,2
06/10/2020,25,Frame,2
01/01/2020,31,Chainguard,51
02/01/2020,31,Chainguard,50
03/01/2020,31,Chainguard,51
04/01/2020,31,Chainguard,54
05/01/2020,31,Chainguard,50
06/01/2020,31,Chainguard,48
07/01/2020,31,Chainguard,44
08/01/2020,31,Chainguard,36
09/01/2020,31,Chainguard,35
10/01/2020,31,Chainguard,27
11/01/2020,31,Chainguard,27
12/01/2020,31,Chainguard,25
13/01/2020,31,Chainguard,23
14/01/2020,31,Chainguard,18
15/01/2020,31,Chainguard,14
16/01/2020,31,Chainguard,13
17/01/2020,31,Chainguard,13
18/01/2020,31,Chainguard,11
19/01/2020,31,Chainguard,10
20/01/2020,31,Chainguard,11
21/01/2020,31,Chainguard,10
22/01/2020,31,Chainguard,4
23/01/2020,31,Chainguard,3
24/01/2020,31,Chainguard,1
25/01/2020,31,Chainguard,1
26/01/2020,31,Chainguard,4
27/01/2020,31,Chainguard,7
28/01/2020,31,Chainguard,0
29/01/2020,31,Chainguard,0
30/01/2020,31,Chainguard,4
31/01/2020,31,Chainguard,0
01/02/2020,31,Chainguard,0
02/02/2020,31,Chainguard,0
03/02/2020,31,Chainguard,0
04/02/2020,31,Chainguard,1
05/02/2020,31,Chainguard,0
06/02/2020,31,Chainguard,0
07/02/2020,31,Chainguard,0
08/02/2020,31,Chainguard,4
09/02/2020,31,Chainguard,2
10/02/2020,31,Chainguard,4
11/02/2020,31,Chainguard,5
12/02/2020,31,Chainguard,1
13/02/2020,31,Chainguard,1
14/02/2020,31,Chainguard,0
15/02/2020,31,Chainguard,1
16/02/2020,31,Chainguard,0
17/02/2020,31,Chainguard,1
18/02/2020,31,Chainguard,5
19/02/2020,31,Chainguard,1
20/02/2020,31,Chainguard,1
21/02/2020,31,Chainguard,1
22/02/2020,31,Chainguard,0
23/02/2020,31,Chainguard,0
24/02/2020,31,Chainguard,3
25/02/2020,31,Chainguard,1
26/02/2020,31,Chainguard,0
27/02/2020,31,Chainguard,0
28/02/2020,31,Chainguard,0
29/02/2020,31,Chainguard,0
01/03/2020,31,Chainguard,0
02/03/2020,31,Chainguard,0
03/03/2020,31,Chainguard,0
04/03/2020,31,Chainguard,0
05/03/2020,31,Chainguard,1
06/03/2020,31,Chainguard,5
07/03/2020,31,Chainguard,3
08/03/2020,31,Chainguard,0
09/03/2020,31,Chainguard,0
10/03/2020,31,Chainguard,0
11/03/2020,31,Chainguard,3
12/03/2020,31,Chainguard,6
13/03/2020,31,Chainguard,6
14/03/2020,31,Chainguard,4
15/03/2020,31,Chainguard,3
16/03/2020,31,Chainguard,0
17/03/2020,31,Chainguard,0
18/03/2020,31,Chainguard,4
19/03/2020,31,Chainguard,0
20/03/2020,31,Chainguard,0
21/03/2020,31,Chainguard,1
22/03/2020,31,Chainguard,0
23/03/2020,31,Chainguard,0
24/03/2020,31,Chainguard,0
25/03/2020,31,Chainguard,0
26/03/2020,31,Chainguard,1
27/03/2020,31,Chainguard,0
28/03/2020,31,Chainguard,4
29/03/2020,31,Chainguard,0
30/03/2020,31,Chainguard,0
31/03/2020,31,Chainguard,3
01/04/2020,31,Chainguard,1
02/04/2020,31,Chainguard,1
03/04/2020,31,Chainguard,0
04/04/2020,31,Chainguard,0
05/04/2020,31,Chainguard,0
06/04/2020,31,Chainguard,0
07/04/2020,31,Chainguard,0
08/04/2020,31,Chainguard,2
09/04/2020,31,Chainguard,1
10/04/2020,31,Chainguard,0
11/04/2020,31,Chainguard,0
12/04/2020,31,Chainguard,0
13/04/2020,31,Chainguard,0
14/04/2020,31,Chainguard,0
15/04/2020,31,Chainguard,3
16/04/2020,31,Chainguard,3
17/04/2020,31,Chainguard,4
18/04/2020,31,Chainguard,2
19/04/2020,31,Chainguard,0
20/04/2020,31,Chainguard,0
21/04/2020,31,Chainguard,0
22/04/2020,31,Chainguard,0
23/04/2020,31,Chainguard,0
24/04/2020,31,Chainguard,0
25/04/2020,31,Chainguard,0
26/04/2020,31,Chainguard,2
27/04/2020,31,Chainguard,3
28/04/2020,31,Chainguard,0
29/04/2020,31,Chainguard,0
30/04/2020,31,Chainguard,0
01/05/2020,31,Chainguard,0
02/05/2020,31,Chainguard,0
03/05/2020,31,Chainguard,0
04/05/2020,31,Chainguard,0
05/05/2020,31,Chainguard,0
06/05/2020,31,Chainguard,4
07/05/2020,31,Chainguard,7
08/05/2020,31,Chainguard,5
09/05/2020,31,Chainguard,3
10/05/2020,31,Chainguard,7
11/05/2020,31,Chainguard,6
12/05/2020,31,Chainguard,1
13/05/2020,31,Chainguard,0
14/05/2020,31,Chainguard,4
15/05/2020,31,Chainguard,3
16/05/2020,31,Chainguard,0
17/05/2020,31,Chainguard,0
18/05/2020,31,Chainguard,0
19/05/2020,31,Chainguard,0
20/05/2020,31,Chainguard,0
21/05/2020,31,Chainguard,0
22/05/2020,31,Chainguard,4
23/05/2020,31,Chainguard,0
24/05/2020,31,Chainguard,0
25/05/2020,31,Chainguard,0
26/05/2020,31,Chainguard,1
27/05/2020,31,Chainguard,0
28/05/2020,31,Chainguard,0
29/05/2020,31,Chainguard,0
30/05/2020,31,Chainguard,0
31/05/2020,31,Chainguard,0
01/06/2020,31,Chainguard,0
02/06/2020,31,Chainguard,0
03/06/2020,31,Chainguard,4
04/06/2020,31,Chainguard,0
05/06/2020,31,Chainguard,0
06/06/2020,31,Chainguard,1
07/06/2020,31,Chainguard,2
08/06/2020,31,Chainguard,1
09/06/2020,31,Chainguard,1
10/06/2020,31,Chainguard,0
11/06/2020,31,Chainguard,1
12/06/2020,31,Chainguard,0
13/06/2020,31,Chainguard,0
14/06/2020,31,Chainguard,0
15/06/2020,31,Chainguard,0
16/06/2020,31,Chainguard,0
17/06/2020,31,Chainguard,0
18/06/2020,31,Chainguard,0
19/06/2020,31,Chainguard,0
20/06/2020,31,Chainguard,0
21/06/2020,31,Chainguard,1
22/06/2020,31,Chainguard,2
23/06/2020,31,Chainguard,6
24/06/2020,31,Chainguard,7
25/06/2020,31,Chainguard,11
26/06/2020,31,Chainguard,13
27/06/2020,31,Chainguard,14
28/06/2020,31,Chainguard,14
29/06/2020,31,Chainguard,14
30/06/2020,31,Chainguard,14
01/07/2020,31,Chainguard,17
02/07/2020,31,Chainguard,21
03/07/2020,31,Chainguard,22
04/07/2020,31,Chainguard,22
05/07/2020,31,Chainguard,16
06/07/2020,31,Chainguard,16
07/07/2020,31,Chainguard,8
08/07/2020,31,Chainguard,4
09/07/2020,31,Chainguard,2
10/07/2020,31,Chainguard,3
11/07/2020,31,Chainguard,2
12/07/2020,31,Chainguard,6
13/07/2020,31,Chainguard,5
14/07/2020,31,Chainguard,6
15/07/2020,31,Chainguard,6
16/07/2020,31,Chainguard,7
17/07/2020,31,Chainguard,6
18/07/2020,31,Chainguard,7
19/07/2020,31,Chainguard,3
20/07/2020,31,Chainguard,7
21/07/2020,31,Chainguard,0
22/07/2020,31,Chainguard,0
23/07/2020,31,Chainguard,0
24/07/2020,31,Chainguard,1
25/07/2020,31,Chainguard,0
26/07/2020,31,Chainguard,0
27/07/2020,31,Chainguard,0
28/07/2020,31,Chainguard,1
29/07/2020,31,Chainguard,2
30/07/2020,31,Chainguard,2
31/07/2020,31,Chainguard,0
01/08/2020,31,Chainguard,0
02/08/2020,31,Chainguard,0
03/08/2020,31,Chainguard,0
04/08/2020,31,Chainguard,0
05/08/2020,31,Chainguard,0
06/08/2020,31,Chainguard,0
07/08/2020,31,Chainguard,0
08/08/2020,31,Chainguard,0
09/08/2020,31,Chainguard,1
10/08/2020,31,Chainguard,1
11/08/2020,31,Chainguard,0
12/08/2020,31,Chainguard,3
13/08/2020,31,Chainguard,3
14/08/2020,31,Chainguard,0
15/08/2020,31,Chainguard,0
16/08/2020,31,Chainguard,1
17/08/2020,31,Chainguard,0
18/08/2020,31,Chainguard,4
19/08/2020,31,Chainguard,4
20/08/2020,31,Chainguard,0
21/08/2020,31,Chainguard,0
22/08/2020,31,Chainguard,0
23/08/2020,31,Chainguard,0
24/08/2020,31,Chainguard,1
25/08/2020,31,Chainguard,0
26/08/2020,31,Chainguard,4
27/08/2020,31,Chainguard,0
28/08/2020,31,Chainguard,0
29/08/2020,31,Chainguard,0
30/08/2020,31,Chainguard,0
31/08/2020,31,Chainguard,0
01/09/2020,31,Chainguard,1
02/09/2020,31,Chainguard,2
03/09/2020,31,Chainguard,0
04/09/2020,31,Chainguard,0
05/09/2020,31,Chainguard,4
06/09/2020,31,Chainguard,5
07/09/2020,31,Chainguard,0
08/09/2020,31,Chainguard,0
09/09/2020,31,Chainguard,0
10/09/2020,31,Chainguard,2
11/09/2020,31,Chainguard,5
12/09/2020,31,Chainguard,5
13/09/2020,31,Chainguard,7
14/09/2020,31,Chainguard,8
15/09/2020,31,Chainguard,6
16/09/2020,31,Chainguard,4
17/09/2020,31,Chainguard,0
18/09/2020,31,Chainguard,0
19/09/2020,31,Chainguard,0
20/09/2020,31,Chainguard,0
21/09/2020,31,Chainguard,1
22/09/2020,31,Chainguard,0
23/09/2020,31,Chainguard,0
24/09/2020,31,Chainguard,0
25/09/2020,31,Chainguard,0
26/09/2020,31,Chainguard,0
27/09/2020,31,Chainguard,0
28/09/2020,31,Chainguard,1
29/09/2020,31,Chainguard,0
30/09/2020,31,Chainguard,0
01/10/2020,31,Chainguard,2
02/10/2020,31,Chainguard,0
03/10/2020,31,Chainguard,0
04/10/2020,31,Chainguard,0
05/10/2020,31,Chainguard,0
06/10/2020,31,Chainguard,0
01/01/2020,34,Seatpost,40
02/01/2020,34,Seatpost,43
03/01/2020,34,Seatpost,41
04/01/2020,34,Seatpost,37
05/01/2020,34,Seatpost,37
06/01/2020,34,Seatpost,36
07/01/2020,34,Seatpost,34
08/01/2020,34,Seatpost,35
09/01/2020,34,Seatpost,35
10/01/2020,34,Seatpost,35
11/01/2020,34,Seatpost,30
12/01/2020,34,Seatpost,31
13/01/2020,34,Seatpost,25
14/01/2020,34,Seatpost,28
15/01/2020,34,Seatpost,31
16/01/2020,34,Seatpost,31
17/01/2020,34,Seatpost,35
18/01/2020,34,Seatpost,36
19/01/2020,34,Seatpost,34
20/01/2020,34,Seatpost,29
21/01/2020,34,Seatpost,29
22/01/2020,34,Seatpost,29
23/01/2020,34,Seatpost,28
24/01/2020,34,Seatpost,28
25/01/2020,34,Seatpost,29
26/01/2020,34,Seatpost,29
27/01/2020,34,Seatpost,28
28/01/2020,34,Seatpost,27
29/01/2020,34,Seatpost,30
30/01/2020,34,Seatpost,28
31/01/2020,34,Seatpost,28
01/02/2020,34,Seatpost,32
02/02/2020,34,Seatpost,28
03/02/2020,34,Seatpost,23
04/02/2020,34,Seatpost,22
05/02/2020,34,Seatpost,21
06/02/2020,34,Seatpost,19
07/02/2020,34,Seatpost,19
08/02/2020,34,Seatpost,19
09/02/2020,34,Seatpost,11
10/02/2020,34,Seatpost,9
11/02/2020,34,Seatpost,9
12/02/2020,34,Seatpost,7
13/02/2020,34,Seatpost,7
14/02/2020,34,Seatpost,10
15/02/2020,34,Seatpost,2
16/02/2020,34,Seatpost,0
17/02/2020,34,Seatpost,0
18/02/2020,34,Seatpost,0
19/02/2020,34,Seatpost,0
20/02/2020,34,Seatpost,3
21/02/2020,34,Seatpost,1
22/02/2020,34,Seatpost,0
23/02/2020,34,Seatpost,0
24/02/2020,34,Seatpost,0
25/02/2020,34,Seatpost,0
26/02/2020,34,Seatpost,0
27/02/2020,34,Seatpost,0
28/02/2020,34,Seatpost,0
29/02/2020,34,Seatpost,0
01/03/2020,34,Seatpost,4
02/03/2020,34,Seatpost,0
03/03/2020,34,Seatpost,1
04/03/2020,34,Seatpost,1
05/03/2020,34,Seatpost,0
06/03/2020,34,Seatpost,1
07/03/2020,34,Seatpost,2
08/03/2020,34,Seatpost,0
09/03/2020,34,Seatpost,0
10/03/2020,34,Seatpost,0
11/03/2020,34,Seatpost,0
12/03/2020,34,Seatpost,3
13/03/2020,34,Seatpost,0
14/03/2020,34,Seatpost,0
15/03/2020,34,Seatpost,4
16/03/2020,34,Seatpost,3
17/03/2020,34,Seatpost,3
18/03/2020,34,Seatpost,0
19/03/2020,34,Seatpost,0
20/03/2020,34,Seatpost,3
21/03/2020,34,Seatpost,0
22/03/2020,34,Seatpost,0
23/03/2020,34,Seatpost,4
24/03/2020,34,Seatpost,8
25/03/2020,34,Seatpost,12
26/03/2020,34,Seatpost,10
27/03/2020,34,Seatpost,8
28/03/2020,34,Seatpost,2
29/03/2020,34,Seatpost,0
30/03/2020,34,Seatpost,0
31/03/2020,34,Seatpost,3
01/04/2020,34,Seatpost,1
02/04/2020,34,Seatpost,0
03/04/2020,34,Seatpost,0
04/04/2020,34,Seatpost,0
05/04/2020,34,Seatpost,0
06/04/2020,34,Seatpost,1
07/04/2020,34,Seatpost,0
08/04/2020,34,Seatpost,0
09/04/2020,34,Seatpost,0
10/04/2020,34,Seatpost,1
11/04/2020,34,Seatpost,0
12/04/2020,34,Seatpost,0
13/04/2020,34,Seatpost,0
14/04/2020,34,Seatpost,0
15/04/2020,34,Seatpost,4
16/04/2020,34,Seatpost,8
17/04/2020,34,Seatpost,6
18/04/2020,34,Seatpost,1
19/04/2020,34,Seatpost,3
20/04/2020,34,Seatpost,5
21/04/2020,34,Seatpost,4
22/04/2020,34,Seatpost,7
23/04/2020,34,Seatpost,8
24/04/2020,34,Seatpost,9
25/04/2020,34,Seatpost,5
26/04/2020,34,Seatpost,4
27/04/2020,34,Seatpost,5
28/04/2020,34,Seatpost,9
29/04/2020,34,Seatpost,9
30/04/2020,34,Seatpost,9
01/05/2020,34,Seatpost,8
02/05/2020,34,Seatpost,12
03/05/2020,34,Seatpost,13
04/05/2020,34,Seatpost,13
05/05/2020,34,Seatpost,11
06/05/2020,34,Seatpost,7
07/05/2020,34,Seatpost,6
08/05/2020,34,Seatpost,2
09/05/2020,34,Seatpost,1
10/05/2020,34,Seatpost,0
11/05/2020,34,Seatpost,0
12/05/2020,34,Seatpost,0
13/05/2020,34,Seatpost,0
14/05/2020,34,Seatpost,0
15/05/2020,34,Seatpost,0
16/05/2020,34,Seatpost,2
17/05/2020,34,Seatpost,0
18/05/2020,34,Seatpost,0
19/05/2020,34,Seatpost,0
20/05/2020,34,Seatpost,4
21/05/2020,34,Seatpost,0
22/05/2020,34,Seatpost,0
23/05/2020,34,Seatpost,1
24/05/2020,34,Seatpost,0
25/05/2020,34,Seatpost,2
26/05/2020,34,Seatpost,0
27/05/2020,34,Seatpost,1
28/05/2020,34,Seatpost,0
29/05/2020,34,Seatpost,0
30/05/2020,34,Seatpost,0
31/05/2020,34,Seatpost,0
01/06/2020,34,Seatpost,4
02/06/2020,34,Seatpost,8
03/06/2020,34,Seatpost,6
04/06/2020,34,Seatpost,7
05/06/2020,34,Seatpost,5
06/06/2020,34,Seatpost,3
07/06/2020,34,Seatpost,7
08/06/2020,34,Seatpost,6
09/06/2020,34,Seatpost,6
10/06/2020,34,Seatpost,2
11/06/2020,34,Seatpost,0
12/06/2020,34,Seatpost,1
13/06/2020,34,Seatpost,1
14/06/2020,34,Seatpost,3
15/06/2020,34,Seatpost,0
16/06/2020,34,Seatpost,0
17/06/2020,34,Seatpost,0
18/06/2020,34,Seatpost,4
19/06/2020,34,Seatpost,4
20/06/2020,34,Seatpost,3
21/06/2020,34,Seatpost,1
22/06/2020,34,Seatpost,0
23/06/2020,34,Seatpost,0
24/06/2020,34,Seatpost,0
25/06/2020,34,Seatpost,0
26/06/2020,34,Seatpost,0
27/06/2020,34,Seatpost,0
28/06/2020,34,Seatpost,0
29/06/2020,34,Seatpost,0
30/06/2020,34,Seatpost,0
01/07/2020,34,Seatpost,0
02/07/2020,34,Seatpost,0
03/07/2020,34,Seatpost,0
04/07/2020,34,Seatpost,0
05/07/2020,34,Seatpost,0
06/07/2020,34,Seatpost,0
07/07/2020,34,Seatpost,2
08/07/2020,34,Seatpost,0
09/07/2020,34,Seatpost,0
10/07/2020,34,Seatpost,0
11/07/2020,34,Seatpost,0
12/07/2020,34,Seatpost,0
13/07/2020,34,Seatpost,0
14/07/2020,34,Seatpost,4
15/07/2020,34,Seatpost,0
16/07/2020,34,Seatpost,0
17/07/2020,34,Seatpost,0
18/07/2020,34,Seatpost,0
19/07/2020,34,Seatpost,3
20/07/2020,34,Seatpost,5
21/07/2020,34,Seatpost,5
22/07/2020,34,Seatpost,0
23/07/2020,34,Seatpost,0
24/07/2020,34,Seatpost,0
25/07/2020,34,Seatpost,0
26/07/2020,34,Seatpost,0
27/07/2020,34,Seatpost,0
28/07/2020,34,Seatpost,1
29/07/2020,34,Seatpost,1
30/07/2020,34,Seatpost,0
31/07/2020,34,Seatpost,4
01/08/2020,34,Seatpost,6
02/08/2020,34,Seatpost,5
03/08/2020,34,Seatpost,9
04/08/2020,34,Seatpost,7
05/08/2020,34,Seatpost,8
06/08/2020,34,Seatpost,6
07/08/2020,34,Seatpost,0
08/08/2020,34,Seatpost,0
09/08/2020,34,Seatpost,4
10/08/2020,34,Seatpost,5
11/08/2020,34,Seatpost,3
12/08/2020,34,Seatpost,1
13/08/2020,34,Seatpost,0
14/08/2020,34,Seatpost,1
15/08/2020,34,Seatpost,3
16/08/2020,34,Seatpost,0
17/08/2020,34,Seatpost,0
18/08/2020,34,Seatpost,0
19/08/2020,34,Seatpost,0
20/08/2020,34,Seatpost,0
21/08/2020,34,Seatpost,0
22/08/2020,34,Seatpost,0
23/08/2020,34,Seatpost,3
24/08/2020,34,Seatpost,4
25/08/2020,34,Seatpost,7
26/08/2020,34,Seatpost,5
27/08/2020,34,Seatpost,0
28/08/2020,34,Seatpost,0
29/08/2020,34,Seatpost,0
30/08/2020,34,Seatpost,0
31/08/2020,34,Seatpost,0
01/09/2020,34,Seatpost,0
02/09/2020,34,Seatpost,1
03/09/2020,34,Seatpost,1
04/09/2020,34,Seatpost,4
05/09/2020,34,Seatpost,4
06/09/2020,34,Seatpost,8
07/09/2020,34,Seatpost,7
08/09/2020,34,Seatpost,2
09/09/2020,34,Seatpost,4
10/09/2020,34,Seatpost,4
11/09/2020,34,Seatpost,6
12/09/2020,34,Seatpost,4
13/09/2020,34,Seatpost,0
14/09/2020,34,Seatpost,0
15/09/2020,34,Seatpost,0
16/09/2020,34,Seatpost,4
17/09/2020,34,Seatpost,6
18/09/2020,34,Seatpost,5
19/09/2020,34,Seatpost,8
20/09/2020,34,Seatpost,8
21/09/2020,34,Seatpost,12
22/09/2020,34,Seatpost,4
23/09/2020,34,Seatpost,5
24/09/2020,34,Seatpost,8
25/09/2020,34,Seatpost,2
26/09/2020,34,Seatpost,0
27/09/2020,34,Seatpost,4
28/09/2020,34,Seatpost,4
29/09/2020,34,Seatpost,2
30/09/2020,34,Seatpost,1
01/10/2020,34,Seatpost,1
02/10/2020,34,Seatpost,0
03/10/2020,34,Seatpost,0
04/10/2020,34,Seatpost,0
05/10/2020,34,Seatpost,0
06/10/2020,34,Seatpost,2
01/01/2020,37,Cassette,38
02/01/2020,37,Cassette,30
03/01/2020,37,Cassette,28
04/01/2020,37,Cassette,28
05/01/2020,37,Cassette,27
06/01/2020,37,Cassette,19
07/01/2020,37,Cassette,19
08/01/2020,37,Cassette,19
09/01/2020,37,Cassette,15
10/01/2020,37,Cassette,18
11/01/2020,37,Cassette,14
12/01/2020,37,Cassette,18
13/01/2020,37,Cassette,16
14/01/2020,37,Cassette,17
15/01/2020,37,Cassette,12
16/01/2020,37,Cassette,12
17/01/2020,37,Cassette,12
18/01/2020,37,Cassette,13
19/01/2020,37,Cassette,11
20/01/2020,37,Cassette,5
21/01/2020,37,Cassette,9
22/01/2020,37,Cassette,7
23/01/2020,37,Cassette,6
24/01/2020,37,Cassette,6
25/01/2020,37,Cassette,8
26/01/2020,37,Cassette,4
27/01/2020,37,Cassette,3
28/01/2020,37,Cassette,5
29/01/2020,37,Cassette,3
30/01/2020,37,Cassette,0
31/01/2020,37,Cassette,1
01/02/2020,37,Cassette,4
02/02/2020,37,Cassette,0
03/02/2020,37,Cassette,0
04/02/2020,37,Cassette,0
05/02/2020,37,Cassette,0
06/02/2020,37,Cassette,1
07/02/2020,37,Cassette,2
08/02/2020,37,Cassette,0
09/02/2020,37,Cassette,1
10/02/2020,37,Cassette,0
11/02/2020,37,Cassette,3
12/02/2020,37,Cassette,1
13/02/2020,37,Cassette,2
14/02/2020,37,Cassette,0
15/02/2020,37,Cassette,0
16/02/2020,37,Cassette,0
17/02/2020,37,Cassette,1
18/02/2020,37,Cassette,0
19/02/2020,37,Cassette,0
20/02/2020,37,Cassette,0
21/02/2020,37,Cassette,3
22/02/2020,37,Cassette,1
23/02/2020,37,Cassette,0
24/02/2020,37,Cassette,0
25/02/2020,37,Cassette,0
26/02/2020,37,Cassette,4
27/02/2020,37,Cassette,5
28/02/2020,37,Cassette,5
29/02/2020,37,Cassette,9
01/03/2020,37,Cassette,10
02/03/2020,37,Cassette,4
03/03/2020,37,Cassette,5
04/03/2020,37,Cassette,6
05/03/2020,37,Cassette,4
06/03/2020,37,Cassette,4
07/03/2020,37,Cassette,5
08/03/2020,37,Cassette,1
09/03/2020,37,Cassette,0
10/03/2020,37,Cassette,0
11/03/2020,37,Cassette,3
12/03/2020,37,Cassette,5
13/03/2020,37,Cassette,8
14/03/2020,37,Cassette,6
15/03/2020,37,Cassette,10
16/03/2020,37,Cassette,8
17/03/2020,37,Cassette,7
18/03/2020,37,Cassette,10
19/03/2020,37,Cassette,9
20/03/2020,37,Cassette,9
21/03/2020,37,Cassette,4
22/03/2020,37,Cassette,0
23/03/2020,37,Cassette,1
24/03/2020,37,Cassette,3
25/03/2020,37,Cassette,6
26/03/2020,37,Cassette,6
27/03/2020,37,Cassette,5
28/03/2020,37,Cassette,0
29/03/2020,37,Cassette,0
30/03/2020,37,Cassette,1
31/03/2020,37,Cassette,0
01/04/2020,37,Cassette,0
02/04/2020,37,Cassette,1
03/04/2020,37,Cassette,0
04/04/2020,37,Cassette,0
05/04/2020,37,Cassette,3
06/04/2020,37,Cassette,2
07/04/2020,37,Cassette,4
08/04/2020,37,Cassette,4
09/04/2020,37,Cassette,5
10/04/2020,37,Cassette,3
11/04/2020,37,Cassette,0
12/04/2020,37,Cassette,0
13/04/2020,37,Cassette,1
14/04/2020,37,Cassette,3
15/04/2020,37,Cassette,4
16/04/2020,37,Cassette,0
17/04/2020,37,Cassette,3
18/04/2020,37,Cassette,4
19/04/2020,37,Cassette,8
20/04/2020,37,Cassette,3
21/04/2020,37,Cassette,3
22/04/2020,37,Cassette,6
23/04/2020,37,Cassette,4
24/04/2020,37,Cassette,2
25/04/2020,37,Cassette,0
26/04/2020,37,Cassette,1
27/04/2020,37,Cassette,0
28/04/2020,37,Cassette,4
29/04/2020,37,Cassette,8
30/04/2020,37,Cassette,9
01/05/2020,37,Cassette,5
02/05/2020,37,Cassette,9
03/05/2020,37,Cassette,7
04/05/2020,37,Cassette,5
05/05/2020,37,Cassette,0
06/05/2020,37,Cassette,0
07/05/2020,37,Cassette,4
08/05/2020,37,Cassette,0
09/05/2020,37,Cassette,2
10/05/2020,37,Cassette,6
11/05/2020,37,Cassette,0
12/05/2020,37,Cassette,1
13/05/2020,37,Cassette,1
14/05/2020,37,Cassette,2
15/05/2020,37,Cassette,0
16/05/2020,37,Cassette,0
17/05/2020,37,Cassette,0
18/05/2020,37,Cassette,0
19/05/2020,37,Cassette,0
20/05/2020,37,Cassette,0
21/05/2020,37,Cassette,0
22/05/2020,37,Cassette,0
23/05/2020,37,Cassette,0
24/05/2020,37,Cassette,0
25/05/2020,37,Cassette,1
26/05/2020,37,Cassette,0
27/05/2020,37,Cassette,1
28/05/2020,37,Cassette,0
29/05/2020,37,Cassette,1
30/05/2020,37,Cassette,0
31/05/2020,37,Cassette,0
01/06/2020,37,Cassette,0
02/06/2020,37,Cassette,0
03/06/2020,37,Cassette,0
04/06/2020,37,Cassette,0
05/06/2020,37,Cassette,1
06/06/2020,37,Cassette,0
07/06/2020,37,Cassette,1
08/06/2020,37,Cassette,0
09/06/2020,37,Cassette,0
10/06/2020,37,Cassette,4
11/06/2020,37,Cassette,0
12/06/2020,37,Cassette,0
13/06/2020,37,Cassette,4
14/06/2020,37,Cassette,7
15/06/2020,37,Cassette,5
16/06/2020,37,Cassette,5
17/06/2020,37,Cassette,1
18/06/2020,37,Cassette,0
19/06/2020,37,Cassette,0
20/06/2020,37,Cassette,4
21/06/2020,37,Cassette,4
22/06/2020,37,Cassette,3
23/06/2020,37,Cassette,2
24/06/2020,37,Cassette,6
25/06/2020,37,Cassette,5
26/06/2020,37,Cassette,3
27/06/2020,37,Cassette,7
28/06/2020,37,Cassette,6
29/06/2020,37,Cassette,4
30/06/2020,37,Cassette,4
01/07/2020,37,Cassette,2
02/07/2020,37,Cassette,0
03/07/2020,37,Cassette,0
04/07/2020,37,Cassette,0
05/07/2020,37,Cassette,0
06/07/2020,37,Cassette,0
07/07/2020,37,Cassette,1
08/07/2020,37,Cassette,0
09/07/2020,37,Cassette,0
10/07/2020,37,Cassette,0
11/07/2020,37,Cassette,0
12/07/2020,37,Cassette,2
13/07/2020,37,Cassette,0
14/07/2020,37,Cassette,0
15/07/2020,37,Cassette,0
16/07/2020,37,Cassette,2
17/07/2020,37,Cassette,0
18/07/2020,37,Cassette,0
19/07/2020,37,Cassette,0
20/07/2020,37,Cassette,0
21/07/2020,37,Cassette,0
22/07/2020,37,Cassette,1
23/07/2020,37,Cassette,0
24/07/2020,37,Cassette,0
25/07/2020,37,Cassette,0
26/07/2020,37,Cassette,0
27/07/2020,37,Cassette,1
28/07/2020,37,Cassette,2
29/07/2020,37,Cassette,6
30/07/2020,37,Cassette,5
31/07/2020,37,Cassette,0
01/08/2020,37,Cassette,0
02/08/2020,37,Cassette,0
03/08/2020,37,Cassette,1
04/08/2020,37,Cassette,0
05/08/2020,37,Cassette,1
06/08/2020,37,Cassette,5
07/08/2020,37,Cassette,1
08/08/2020,37,Cassette,0
09/08/2020,37,Cassette,0
10/08/2020,37,Cassette,0
11/08/2020,37,Cassette,0
12/08/2020,37,Cassette,0
13/08/2020,37,Cassette,0
14/08/2020,37,Cassette,0
15/08/2020,37,Cassette,4
16/08/2020,37,Cassette,0
17/08/2020,37,Cassette,1
18/08/2020,37,Cassette,0
19/08/2020,37,Cassette,0
20/08/2020,37,Cassette,4
21/08/2020,37,Cassette,7
22/08/2020,37,Cassette,2
23/08/2020,37,Cassette,1
24/08/2020,37,Cassette,0
25/08/2020,37,Cassette,0
26/08/2020,37,Cassette,0
27/08/2020,37,Cassette,0
28/08/2020,37,Cassette,0
29/08/2020,37,Cassette,4
30/08/2020,37,Cassette,3
31/08/2020,37,Cassette,4
01/09/2020,37,Cassette,4
02/09/2020,37,Cassette,3
03/09/2020,37,Cassette,0
04/09/2020,37,Cassette,0
05/09/2020,37,Cassette,0
06/09/2020,37,Cassette,0
07/09/2020,37,Cassette,0
08/09/2020,37,Cassette,0
09/09/2020,37,Cassette,1
10/09/2020,37,Cassette,0
11/09/2020,37,Cassette,1
12/09/2020,37,Cassette,0
13/09/2020,37,Cassette,0
14/09/2020,37,Cassette,0
15/09/2020,37,Cassette,0
16/09/2020,37,Cassette,4
17/09/2020,37,Cassette,0
18/09/2020,37,Cassette,3
19/09/2020,37,Cassette,1
20/09/2020,37,Cassette,0
21/09/2020,37,Cassette,0
22/09/2020,37,Cassette,1
23/09/2020,37,Cassette,1
24/09/2020,37,Cassette,5
25/09/2020,37,Cassette,4
26/09/2020,37,Cassette,5
27/09/2020,37,Cassette,0
28/09/2020,37,Cassette,0
29/09/2020,37,Cassette,0
30/09/2020,37,Cassette,0
01/10/2020,37,Cassette,0
02/10/2020,37,Cassette,0
03/10/2020,37,Cassette,0
04/10/2020,37,Cassette,4
05/10/2020,37,Cassette,4
06/10/2020,37,Cassette,0
01/01/2020,40,Wheel,66
02/01/2020,40,Wheel,65
03/01/2020,40,Wheel,69
04/01/2020,40,Wheel,65
05/01/2020,40,Wheel,63
06/01/2020,40,Wheel,61
07/01/2020,40,Wheel,62
08/01/2020,40,Wheel,63
09/01/2020,40,Wheel,55
10/01/2020,40,Wheel,58
11/01/2020,40,Wheel,58
12/01/2020,40,Wheel,61
13/01/2020,40,Wheel,65
14/01/2020,40,Wheel,63
15/01/2020,40,Wheel,66
16/01/2020,40,Wheel,62
17/01/2020,40,Wheel,62
18/01/2020,40,Wheel,61
19/01/2020,40,Wheel,55
20/01/2020,40,Wheel,51
21/01/2020,40,Wheel,53
22/01/2020,40,Wheel,53
23/01/2020,40,Wheel,57
24/01/2020,40,Wheel,57
25/01/2020,40,Wheel,55
26/01/2020,40,Wheel,54
27/01/2020,40,Wheel,54
28/01/2020,40,Wheel,52
29/01/2020,40,Wheel,56
30/01/2020,40,Wheel,48
31/01/2020,40,Wheel,46
01/02/2020,40,Wheel,45
02/02/2020,40,Wheel,45
03/02/2020,40,Wheel,48
04/02/2020,40,Wheel,52
05/02/2020,40,Wheel,51
06/02/2020,40,Wheel,45
07/02/2020,40,Wheel,46
08/02/2020,40,Wheel,38
09/02/2020,40,Wheel,37
10/02/2020,40,Wheel,37
11/02/2020,40,Wheel,40
12/02/2020,40,Wheel,38
13/02/2020,40,Wheel,36
14/02/2020,40,Wheel,35
15/02/2020,40,Wheel,36
16/02/2020,40,Wheel,34
17/02/2020,40,Wheel,36
18/02/2020,40,Wheel,34
19/02/2020,40,Wheel,29
20/02/2020,40,Wheel,30
21/02/2020,40,Wheel,31
22/02/2020,40,Wheel,31
23/02/2020,40,Wheel,35
24/02/2020,40,Wheel,29
25/02/2020,40,Wheel,30
26/02/2020,40,Wheel,28
27/02/2020,40,Wheel,26
28/02/2020,40,Wheel,29
29/02/2020,40,Wheel,33
01/03/2020,40,Wheel,28
02/03/2020,40,Wheel,32
03/03/2020,40,Wheel,28
04/03/2020,40,Wheel,20
05/03/2020,40,Wheel,18
06/03/2020,40,Wheel,17
07/03/2020,40,Wheel,15
08/03/2020,40,Wheel,9
09/03/2020,40,Wheel,10
10/03/2020,40,Wheel,6
11/03/2020,40,Wheel,7
12/03/2020,40,Wheel,5
13/03/2020,40,Wheel,6
14/03/2020,40,Wheel,1
15/03/2020,40,Wheel,2
16/03/2020,40,Wheel,0
17/03/2020,40,Wheel,3
18/03/2020,40,Wheel,0
19/03/2020,40,Wheel,0
20/03/2020,40,Wheel,4
21/03/2020,40,Wheel,3
22/03/2020,40,Wheel,0
23/03/2020,40,Wheel,0
24/03/2020,40,Wheel,1
25/03/2020,40,Wheel,0
26/03/2020,40,Wheel,0
27/03/2020,40,Wheel,2
28/03/2020,40,Wheel,0
29/03/2020,40,Wheel,2
30/03/2020,40,Wheel,0
31/03/2020,40,Wheel,1
01/04/2020,40,Wheel,0
02/04/2020,40,Wheel,0
03/04/2020,40,Wheel,3
04/04/2020,40,Wheel,0
05/04/2020,40,Wheel,1
06/04/2020,40,Wheel,0
07/04/2020,40,Wheel,0
08/04/2020,40,Wheel,1
09/04/2020,40,Wheel,0
10/04/2020,40,Wheel,0
11/04/2020,40,Wheel,0
12/04/2020,40,Wheel,2
13/04/2020,40,Wheel,0
14/04/2020,40,Wheel,0
15/04/2020,40,Wheel,0
16/04/2020,40,Wheel,4
17/04/2020,40,Wheel,0
18/04/2020,40,Wheel,0
19/04/2020,40,Wheel,0
20/04/2020,40,Wheel,4
21/04/2020,40,Wheel,0
22/04/2020,40,Wheel,3
23/04/2020,40,Wheel,0
24/04/2020,40,Wheel,0
25/04/2020,40,Wheel,0
26/04/2020,40,Wheel,0
27/04/2020,40,Wheel,0
28/04/2020,40,Wheel,1
29/04/2020,40,Wheel,0
30/04/2020,40,Wheel,0
01/05/2020,40,Wheel,0
02/05/2020,40,Wheel,3
03/05/2020,40,Wheel,7
04/05/2020,40,Wheel,6
05/05/2020,40,Wheel,9
06/05/2020,40,Wheel,7
07/05/2020,40,Wheel,3
08/05/2020,40,Wheel,4
09/05/2020,40,Wheel,4
10/05/2020,40,Wheel,4
11/05/2020,40,Wheel,3
12/05/2020,40,Wheel,2
13/05/2020,40,Wheel,1
14/05/2020,40,Wheel,0
15/05/2020,40,Wheel,2
16/05/2020,40,Wheel,0
17/05/2020,40,Wheel,1
18/05/2020,40,Wheel,2
19/05/2020,40,Wheel,0
20/05/2020,40,Wheel,3
21/05/2020,40,Wheel,4
22/05/2020,40,Wheel,4
23/05/2020,40,Wheel,2
24/05/2020,40,Wheel,0
25/05/2020,40,Wheel,0
26/05/2020,40,Wheel,2
27/05/2020,40,Wheel,0
28/05/2020,40,Wheel,0
29/05/2020,40,Wheel,0
30/05/2020,40,Wheel,3
31/05/2020,40,Wheel,1
01/06/2020,40,Wheel,0
02/06/2020,40,Wheel,4
03/06/2020,40,Wheel,0
04/06/2020,40,Wheel,1
05/06/2020,40,Wheel,2
06/06/2020,40,Wheel,2
07/06/2020,40,Wheel,6
08/06/2020,40,Wheel,10
09/06/2020,40,Wheel,2
10/06/2020,40,Wheel,5
11/06/2020,40,Wheel,4
12/06/2020,40,Wheel,0
13/06/2020,40,Wheel,0
14/06/2020,40,Wheel,0
15/06/2020,40,Wheel,0
16/06/2020,40,Wheel,0
17/06/2020,40,Wheel,0
18/06/2020,40,Wheel,0
19/06/2020,40,Wheel,1
20/06/2020,40,Wheel,2
21/06/2020,40,Wheel,0
22/06/2020,40,Wheel,0
23/06/2020,40,Wheel,1
24/06/2020,40,Wheel,0
25/06/2020,40,Wheel,0
26/06/2020,40,Wheel,0
27/06/2020,40,Wheel,0
28/06/2020,40,Wheel,0
29/06/2020,40,Wheel,0
30/06/2020,40,Wheel,0
01/07/2020,40,Wheel,1
02/07/2020,40,Wheel,0
03/07/2020,40,Wheel,0
04/07/2020,40,Wheel,0
05/07/2020,40,Wheel,0
06/07/2020,40,Wheel,0
07/07/2020,40,Wheel,0
08/07/2020,40,Wheel,0
09/07/2020,40,Wheel,0
10/07/2020,40,Wheel,4
11/07/2020,40,Wheel,0
12/07/2020,40,Wheel,0
13/07/2020,40,Wheel,0
14/07/2020,40,Wheel,0
15/07/2020,40,Wheel,2
16/07/2020,40,Wheel,0
17/07/2020,40,Wheel,3
18/07/2020,40,Wheel,3
19/07/2020,40,Wheel,4
20/07/2020,40,Wheel,6
21/07/2020,40,Wheel,0
22/07/2020,40,Wheel,1
23/07/2020,40,Wheel,0
24/07/2020,40,Wheel,0
25/07/2020,40,Wheel,0
26/07/2020,40,Wheel,0
27/07/2020,40,Wheel,3
28/07/2020,40,Wheel,3
29/07/2020,40,Wheel,3
30/07/2020,40,Wheel,6
31/07/2020,40,Wheel,5
01/08/2020,40,Wheel,0
02/08/2020,40,Wheel,1
03/08/2020,40,Wheel,0
04/08/2020,40,Wheel,3
05/08/2020,40,Wheel,1
06/08/2020,40,Wheel,0
07/08/2020,40,Wheel,0
08/08/2020,40,Wheel,4
09/08/2020,40,Wheel,2
10/08/2020,40,Wheel,0
11/08/2020,40,Wheel,0
12/08/2020,40,Wheel,1
13/08/2020,40,Wheel,0
14/08/2020,40,Wheel,3
15/08/2020,40,Wheel,7
16/08/2020,40,Wheel,6
17/08/2020,40,Wheel,5
18/08/2020,40,Wheel,0
19/08/2020,40,Wheel,0
20/08/2020,40,Wheel,0
21/08/2020,40,Wheel,4
22/08/2020,40,Wheel,4
23/08/2020,40,Wheel,0
24/08/2020,40,Wheel,0
25/08/2020,40,Wheel,0
26/08/2020,40,Wheel,0
27/08/2020,40,Wheel,0
28/08/2020,40,Wheel,4
29/08/2020,40,Wheel,2
30/08/2020,40,Wheel,5
31/08/2020,40,Wheel,3
01/09/2020,40,Wheel,1
02/09/2020,40,Wheel,4
03/09/2020,40,Wheel,0
04/09/2020,40,Wheel,0
05/09/2020,40,Wheel,0
06/09/2020,40,Wheel,3
07/09/2020,40,Wheel,3
08/09/2020,40,Wheel,1
09/09/2020,40,Wheel,1
10/09/2020,40,Wheel,2
11/09/2020,40,Wheel,0
12/09/2020,40,Wheel,0
13/09/2020,40,Wheel,0
14/09/2020,40,Wheel,0
15/09/2020,40,Wheel,2
16/09/2020,40,Wheel,0
17/09/2020,40,Wheel,0
18/09/2020,40,Wheel,2
19/09/2020,40,Wheel,6
20/09/2020,40,Wheel,10
21/09/2020,40,Wheel,6
22/09/2020,40,Wheel,4
23/09/2020,40,Wheel,5
24/09/2020,40,Wheel,3
25/09/2020,40,Wheel,3
26/09/2020,40,Wheel,2
27/09/2020,40,Wheel,3
28/09/2020,40,Wheel,3
29/09/2020,40,Wheel,7
30/09/2020,40,Wheel,0
01/10/2020,40,Wheel,0
02/10/2020,40,Wheel,0
03/10/2020,40,Wheel,0
04/10/2020,40,Wheel,1
05/10/2020,40,Wheel,1
06/10/2020,40,Wheel,0
01/01/2020,49,Fork end,31
02/01/2020,49,Fork end,31
03/01/2020,49,Fork end,34
04/01/2020,49,Fork end,34
05/01/2020,49,Fork end,28
06/01/2020,49,Fork end,20
07/01/2020,49,Fork end,24
08/01/2020,49,Fork end,28
09/01/2020,49,Fork end,27
10/01/2020,49,Fork end,23
11/01/2020,49,Fork end,15
12/01/2020,49,Fork end,13
13/01/2020,49,Fork end,5
14/01/2020,49,Fork end,7
15/01/2020,49,Fork end,11
16/01/2020,49,Fork end,11
17/01/2020,49,Fork end,12
18/01/2020,49,Fork end,7
19/01/2020,49,Fork end,7
20/01/2020,49,Fork end,9
21/01/2020,49,Fork end,7
22/01/2020,49,Fork end,5
23/01/2020,49,Fork end,6
24/01/2020,49,Fork end,8
25/01/2020,49,Fork end,10
26/01/2020,49,Fork end,11
27/01/2020,49,Fork end,10
28/01/2020,49,Fork end,9
29/01/2020,49,Fork end,7
30/01/2020,49,Fork end,5
31/01/2020,49,Fork end,1
01/02/2020,49,Fork end,4
02/02/2020,49,Fork end,0
03/02/2020,49,Fork end,0
04/02/2020,49,Fork end,0
05/02/2020,49,Fork end,0
06/02/2020,49,Fork end,1
07/02/2020,49,Fork end,0
08/02/2020,49,Fork end,0
09/02/2020,49,Fork end,0
10/02/2020,49,Fork end,0
11/02/2020,49,Fork end,0
12/02/2020,49,Fork end,3
13/02/2020,49,Fork end,2
14/02/2020,49,Fork end,0
15/02/2020,49,Fork end,2
16/02/2020,49,Fork end,5
17/02/2020,49,Fork end,3
18/02/2020,49,Fork end,3
19/02/2020,49,Fork end,4
20/02/2020,49,Fork end,2
21/02/2020,49,Fork end,0
22/02/2020,49,Fork end,0
23/02/2020,49,Fork end,0
24/02/2020,49,Fork end,0
25/02/2020,49,Fork end,0
26/02/2020,49,Fork end,0
27/02/2020,49,Fork end,0
28/02/2020,49,Fork end,0
29/02/2020,49,Fork end,0
01/03/2020,49,Fork end,4
02/03/2020,49,Fork end,0
03/03/2020,49,Fork end,4
04/03/2020,49,Fork end,0
05/03/2020,49,Fork end,0
06/03/2020,49,Fork end,0
07/03/2020,49,Fork end,0
08/03/2020,49,Fork end,1
09/03/2020,49,Fork end,0
10/03/2020,49,Fork end,0
11/03/2020,49,Fork end,0
12/03/2020,49,Fork end,0
13/03/2020,49,Fork end,1
14/03/2020,49,Fork end,1
15/03/2020,49,Fork end,0
16/03/2020,49,Fork end,1
17/03/2020,49,Fork end,0
18/03/2020,49,Fork end,4
19/03/2020,49,Fork end,5
20/03/2020,49,Fork end,0
21/03/2020,49,Fork end,3
22/03/2020,49,Fork end,0
23/03/2020,49,Fork end,0
24/03/2020,49,Fork end,0
25/03/2020,49,Fork end,0
26/03/2020,49,Fork end,0
27/03/2020,49,Fork end,4
28/03/2020,49,Fork end,8
29/03/2020,49,Fork end,9
30/03/2020,49,Fork end,5
31/03/2020,49,Fork end,9
01/04/2020,49,Fork end,7
02/04/2020,49,Fork end,7
03/04/2020,49,Fork end,1
04/04/2020,49,Fork end,2
05/04/2020,49,Fork end,0
06/04/2020,49,Fork end,1
07/04/2020,49,Fork end,0
08/04/2020,49,Fork end,1
09/04/2020,49,Fork end,0
10/04/2020,49,Fork end,0
11/04/2020,49,Fork end,0
12/04/2020,49,Fork end,0
13/04/2020,49,Fork end,0
14/04/2020,49,Fork end,0
15/04/2020,49,Fork end,4
16/04/2020,49,Fork end,5
17/04/2020,49,Fork end,3
18/04/2020,49,Fork end,1
19/04/2020,49,Fork end,3
20/04/2020,49,Fork end,4
21/04/2020,49,Fork end,2
22/04/2020,49,Fork end,1
23/04/2020,49,Fork end,0
24/04/2020,49,Fork end,0
25/04/2020,49,Fork end,0
26/04/2020,49,Fork end,4
27/04/2020,49,Fork end,3
28/04/2020,49,Fork end,6
29/04/2020,49,Fork end,9
30/04/2020,49,Fork end,10
01/05/2020,49,Fork end,2
02/05/2020,49,Fork end,3
03/05/2020,49,Fork end,4
04/05/2020,49,Fork end,4
05/05/2020,49,Fork end,3
06/05/2020,49,Fork end,3
07/05/2020,49,Fork end,5
08/05/2020,49,Fork end,3
09/05/2020,49,Fork end,0
10/05/2020,49,Fork end,0
11/05/2020,49,Fork end,0
12/05/2020,49,Fork end,0
13/05/2020,49,Fork end,3
14/05/2020,49,Fork end,0
15/05/2020,49,Fork end,4
16/05/2020,49,Fork end,2
17/05/2020,49,Fork end,0
18/05/2020,49,Fork end,4
19/05/2020,49,Fork end,0
20/05/2020,49,Fork end,4
21/05/2020,49,Fork end,4
22/05/2020,49,Fork end,5
23/05/2020,49,Fork end,0
24/05/2020,49,Fork end,0
25/05/2020,49,Fork end,3
26/05/2020,49,Fork end,6
27/05/2020,49,Fork end,2
28/05/2020,49,Fork end,0
29/05/2020,49,Fork end,1
30/05/2020,49,Fork end,0
31/05/2020,49,Fork end,0
01/06/2020,49,Fork end,0
02/06/2020,49,Fork end,3
03/06/2020,49,Fork end,0
04/06/2020,49,Fork end,0
05/06/2020,49,Fork end,0
06/06/2020,49,Fork end,0
07/06/2020,49,Fork end,0
08/06/2020,49,Fork end,3
09/06/2020,49,Fork end,7
10/06/2020,49,Fork end,6
11/06/2020,49,Fork end,7
12/06/2020,49,Fork end,6
13/06/2020,49,Fork end,6
14/06/2020,49,Fork end,4
15/06/2020,49,Fork end,0
16/06/2020,49,Fork end,0
17/06/2020,49,Fork end,0
18/06/2020,49,Fork end,0
19/06/2020,49,Fork end,0
20/06/2020,49,Fork end,0
21/06/2020,49,Fork end,1
22/06/2020,49,Fork end,5
23/06/2020,49,Fork end,1
24/06/2020,49,Fork end,5
25/06/2020,49,Fork end,4
26/06/2020,49,Fork end,2
27/06/2020,49,Fork end,0
28/06/2020,49,Fork end,0
29/06/2020,49,Fork end,0
30/06/2020,49,Fork end,3
01/07/2020,49,Fork end,0
02/07/2020,49,Fork end,0
03/07/2020,49,Fork end,0
04/07/2020,49,Fork end,0
05/07/2020,49,Fork end,1
06/07/2020,49,Fork end,1
07/07/2020,49,Fork end,0
08/07/2020,49,Fork end,0
09/07/2020,49,Fork end,0
10/07/2020,49,Fork end,0
11/07/2020,49,Fork end,0
12/07/2020,49,Fork end,0
13/07/2020,49,Fork end,0
14/07/2020,49,Fork end,0
15/07/2020,49,Fork end,0
16/07/2020,49,Fork end,0
17/07/2020,49,Fork end,0
18/07/2020,49,Fork end,1
19/07/2020,49,Fork end,2
20/07/2020,49,Fork end,5
21/07/2020,49,Fork end,6
22/07/2020,49,Fork end,4
23/07/2020,49,Fork end,2
24/07/2020,49,Fork end,2
25/07/2020,49,Fork end,6
26/07/2020,49,Fork end,4
27/07/2020,49,Fork end,2
28/07/2020,49,Fork end,1
29/07/2020,49,Fork end,0
30/07/2020,49,Fork end,0
31/07/2020,49,Fork end,0
01/08/2020,49,Fork end,0
02/08/2020,49,Fork end,4
03/08/2020,49,Fork end,0
04/08/2020,49,Fork end,0
05/08/2020,49,Fork end,3
06/08/2020,49,Fork end,5
07/08/2020,49,Fork end,6
08/08/2020,49,Fork end,7
09/08/2020,49,Fork end,6
10/08/2020,49,Fork end,2
11/08/2020,49,Fork end,0
12/08/2020,49,Fork end,0
13/08/2020,49,Fork end,0
14/08/2020,49,Fork end,0
15/08/2020,49,Fork end,0
16/08/2020,49,Fork end,0
17/08/2020,49,Fork end,0
18/08/2020,49,Fork end,4
19/08/2020,49,Fork end,6
20/08/2020,49,Fork end,4
21/08/2020,49,Fork end,3
22/08/2020,49,Fork end,3
23/08/2020,49,Fork end,4
24/08/2020,49,Fork end,0
25/08/2020,49,Fork end,0
26/08/2020,49,Fork end,0
27/08/2020,49,Fork end,0
28/08/2020,49,Fork end,0
29/08/2020,49,Fork end,0
30/08/2020,49,Fork end,0
31/08/2020,49,Fork end,0
01/09/2020,49,Fork end,0
02/09/2020,49,Fork end,3
03/09/2020,49,Fork end,0
04/09/2020,49,Fork end,0
05/09/2020,49,Fork end,0
06/09/2020,49,Fork end,0
07/09/2020,49,Fork end,0
08/09/2020,49,Fork end,0
09/09/2020,49,Fork end,0
10/09/2020,49,Fork end,0
11/09/2020,49,Fork end,3
12/09/2020,49,Fork end,3
13/09/2020,49,Fork end,1
14/09/2020,49,Fork end,0
15/09/2020,49,Fork end,3
16/09/2020,49,Fork end,1
17/09/2020,49,Fork end,0
18/09/2020,49,Fork end,0
19/09/2020,49,Fork end,2
20/09/2020,49,Fork end,2
21/09/2020,49,Fork end,0
22/09/2020,49,Fork end,0
23/09/2020,49,Fork end,0
24/09/2020,49,Fork end,0
25/09/2020,49,Fork end,1
26/09/2020,49,Fork end,0
27/09/2020,49,Fork end,0
28/09/2020,49,Fork end,0
29/09/2020,49,Fork end,0
30/09/2020,49,Fork end,0
01/10/2020,49,Fork end,1
02/10/2020,49,Fork end,0
03/10/2020,49,Fork end,0
04/10/2020,49,Fork end,0
05/10/2020,49,Fork end,0
06/10/2020,49,Fork end,0